context,symbol,symbol_id,week_key,signal_direction,vol_state,full,baseline,full_h3,baseline_h3,full_h6,baseline_h6,full_h12,baseline_h12,full_h48,baseline_h48
US_EQUITY_EXTENDED_HOURS,AMD.US-24,3034,2025-W38,-1,HIGH,3,6,3,6,3,6,3,6,3,5
US_EQUITY_EXTENDED_HOURS,AMD.US-24,3034,2025-W38,-1,LOW,0,5,0,5,0,5,0,5,0,5
US_EQUITY_EXTENDED_HOURS,AMD.US-24,3034,2025-W38,1,HIGH,1,7,1,7,1,7,1,7,1,7
US_EQUITY_EXTENDED_HOURS,AMD.US-24,3034,2025-W38,1,LOW,1,5,1,5,1,5,1,5,1,4
US_EQUITY_EXTENDED_HOURS,AMD.US-24,3034,2025-W39,-1,HIGH,3,14,3,14,3,14,3,14,1,11
US_EQUITY_EXTENDED_HOURS,AMD.US-24,3034,2025-W39,-1,LOW,0,16,0,16,0,16,0,16,0,16
US_EQUITY_EXTENDED_HOURS,AMD.US-24,3034,2025-W39,1,HIGH,5,11,5,11,5,11,5,10,5,7
US_EQUITY_EXTENDED_HOURS,AMD.US-24,3034,2025-W39,1,LOW,5,10,5,10,5,10,5,10,5,10
US_EQUITY_EXTENDED_HOURS,AMD.US-24,3034,2025-W40,-1,HIGH,5,8,5,8,5,8,4,8,3,6
US_EQUITY_EXTENDED_HOURS,AMD.US-24,3034,2025-W40,-1,LOW,2,15,2,15,2,15,2,14,2,12
US_EQUITY_EXTENDED_HOURS,AMD.US-24,3034,2025-W40,1,HIGH,6,6,6,6,6,6,6,6,6,3
US_EQUITY_EXTENDED_HOURS,AMD.US-24,3034,2025-W40,1,LOW,5,11,5,10,5,10,5,10,5,8
US_EQUITY_EXTENDED_HOURS,AMD.US-24,3034,2025-W41,-1,HIGH,8,8,8,8,8,8,8,7,6,6
US_EQUITY_EXTENDED_HOURS,AMD.US-24,3034,2025-W41,-1,LOW,3,21,3,21,3,21,3,21,3,21
US_EQUITY_EXTENDED_HOURS,AMD.US-24,3034,2025-W41,1,HIGH,6,11,6,11,5,11,5,11,4,10
US_EQUITY_EXTENDED_HOURS,AMD.US-24,3034,2025-W41,1,LOW,4,17,4,17,4,17,4,17,4,17
US_EQUITY_EXTENDED_HOURS,AMD.US-24,3034,2025-W42,-1,HIGH,9,16,9,16,9,16,9,16,8,16
US_EQUITY_EXTENDED_HOURS,AMD.US-24,3034,2025-W42,-1,LOW,4,23,4,23,4,23,4,22,4,22
US_EQUITY_EXTENDED_HOURS,AMD.US-24,3034,2025-W42,1,HIGH,5,17,5,17,5,17,5,17,5,17
US_EQUITY_EXTENDED_HOURS,AMD.US-24,3034,2025-W42,1,LOW,7,22,7,22,7,22,7,22,7,21
US_EQUITY_EXTENDED_HOURS,AMD.US-24,3034,2025-W43,-1,HIGH,1,15,1,15,1,15,1,15,1,14
US_EQUITY_EXTENDED_HOURS,AMD.US-24,3034,2025-W43,-1,LOW,0,17,0,17,0,17,0,17,0,15
US_EQUITY_EXTENDED_HOURS,AMD.US-24,3034,2025-W43,1,HIGH,9,7,9,7,9,7,9,7,9,6
US_EQUITY_EXTENDED_HOURS,AMD.US-24,3034,2025-W43,1,LOW,8,8,8,8,8,8,8,8,7,8
US_EQUITY_EXTENDED_HOURS,AMD.US-24,3034,2025-W44,-1,HIGH,3,16,3,16,3,16,3,16,2,15
US_EQUITY_EXTENDED_HOURS,AMD.US-24,3034,2025-W44,-1,LOW,3,13,3,13,3,13,3,13,1,12
US_EQUITY_EXTENDED_HOURS,AMD.US-24,3034,2025-W44,1,HIGH,5,10,5,10,5,10,5,10,5,9
US_EQUITY_EXTENDED_HOURS,AMD.US-24,3034,2025-W44,1,LOW,7,11,7,11,7,11,7,11,5,10
US_EQUITY_EXTENDED_HOURS,AMD.US-24,3034,2025-W45,-1,HIGH,13,10,13,10,13,10,13,10,12,9
US_EQUITY_EXTENDED_HOURS,AMD.US-24,3034,2025-W45,-1,LOW,6,15,6,15,6,15,6,15,6,15
US_EQUITY_EXTENDED_HOURS,AMD.US-24,3034,2025-W45,1,HIGH,2,23,2,23,2,23,2,22,2,21
US_EQUITY_EXTENDED_HOURS,AMD.US-24,3034,2025-W45,1,LOW,3,18,3,18,3,18,3,18,3,18
US_EQUITY_EXTENDED_HOURS,AMD.US-24,3034,2025-W46,-1,HIGH,8,20,8,20,8,20,8,20,8,18
US_EQUITY_EXTENDED_HOURS,AMD.US-24,3034,2025-W46,-1,LOW,8,14,8,14,8,14,8,14,8,14
US_EQUITY_EXTENDED_HOURS,AMD.US-24,3034,2025-W46,1,HIGH,8,15,8,14,8,14,8,14,7,14
US_EQUITY_EXTENDED_HOURS,AMD.US-24,3034,2025-W46,1,LOW,5,21,5,21,5,21,5,21,5,21
US_EQUITY_EXTENDED_HOURS,AMD.US-24,3034,2025-W47,-1,HIGH,8,14,8,14,8,14,8,14,7,13
US_EQUITY_EXTENDED_HOURS,AMD.US-24,3034,2025-W47,-1,LOW,4,16,4,16,4,16,4,16,4,16
US_EQUITY_EXTENDED_HOURS,AMD.US-24,3034,2025-W47,1,HIGH,1,23,1,23,1,23,1,23,1,22
US_EQUITY_EXTENDED_HOURS,AMD.US-24,3034,2025-W47,1,LOW,5,13,5,13,5,13,5,13,5,13
US_EQUITY_EXTENDED_HOURS,AMD.US-24,3034,2025-W48,-1,HIGH,4,9,4,9,4,9,4,9,4,9
US_EQUITY_EXTENDED_HOURS,AMD.US-24,3034,2025-W48,-1,LOW,1,14,1,14,1,14,1,14,1,13
US_EQUITY_EXTENDED_HOURS,AMD.US-24,3034,2025-W48,1,HIGH,3,11,3,11,3,11,3,11,2,11
US_EQUITY_EXTENDED_HOURS,AMD.US-24,3034,2025-W48,1,LOW,4,11,4,11,4,11,4,11,4,11
US_EQUITY_EXTENDED_HOURS,AMD.US-24,3034,2025-W49,-1,HIGH,5,16,5,16,4,16,4,15,4,13
US_EQUITY_EXTENDED_HOURS,AMD.US-24,3034,2025-W49,-1,LOW,0,23,0,23,0,23,0,23,0,23
US_EQUITY_EXTENDED_HOURS,AMD.US-24,3034,2025-W49,1,HIGH,7,16,7,16,7,16,6,15,4,14
US_EQUITY_EXTENDED_HOURS,AMD.US-24,3034,2025-W49,1,LOW,7,17,7,17,7,17,7,17,7,17
US_EQUITY_EXTENDED_HOURS,AMD.US-24,3034,2025-W50,-1,HIGH,5,9,5,9,5,9,5,9,3,9
US_EQUITY_EXTENDED_HOURS,AMD.US-24,3034,2025-W50,-1,LOW,4,15,3,15,3,15,3,15,3,13
US_EQUITY_EXTENDED_HOURS,AMD.US-24,3034,2025-W50,1,HIGH,5,12,5,12,5,12,5,11,5,9
US_EQUITY_EXTENDED_HOURS,AMD.US-24,3034,2025-W50,1,LOW,2,16,2,16,2,15,2,15,2,13
US_EQUITY_EXTENDED_HOURS,AMD.US-24,3034,2025-W51,-1,HIGH,1,11,1,11,1,11,1,10,1,7
US_EQUITY_EXTENDED_HOURS,AMD.US-24,3034,2025-W51,-1,LOW,4,16,4,16,4,15,4,14,4,12
US_EQUITY_EXTENDED_HOURS,AMD.US-24,3034,2025-W51,1,HIGH,8,3,8,3,8,3,8,3,7,2
US_EQUITY_EXTENDED_HOURS,AMD.US-24,3034,2025-W51,1,LOW,6,14,6,14,6,14,5,14,5,12
US_EQUITY_EXTENDED_HOURS,AMD.US-24,3034,2025-W52,-1,HIGH,0,3,0,3,0,3,0,3,0,1
US_EQUITY_EXTENDED_HOURS,AMD.US-24,3034,2025-W52,-1,LOW,1,3,1,2,0,2,0,1,0,1
US_EQUITY_EXTENDED_HOURS,AMD.US-24,3034,2025-W52,1,HIGH,0,3,0,3,0,3,0,3,0,0
US_EQUITY_EXTENDED_HOURS,AMD.US-24,3034,2025-W52,1,LOW,1,3,1,3,0,3,0,3,0,1
US_EQUITY_EXTENDED_HOURS,AMD.US-24,3034,2026-W01,-1,HIGH,0,3,0,3,0,2,0,1,0,0
US_EQUITY_EXTENDED_HOURS,AMD.US-24,3034,2026-W01,1,HIGH,2,0,1,0,1,0,0,0,0,0
US_EQUITY_EXTENDED_HOURS,AMD.US-24,3034,2026-W02,-1,HIGH,7,4,7,4,7,4,7,4,7,4
US_EQUITY_EXTENDED_HOURS,AMD.US-24,3034,2026-W02,-1,LOW,8,13,8,13,8,13,8,13,8,13
US_EQUITY_EXTENDED_HOURS,AMD.US-24,3034,2026-W02,1,HIGH,1,13,1,13,1,13,1,13,1,13
US_EQUITY_EXTENDED_HOURS,AMD.US-24,3034,2026-W02,1,LOW,2,19,2,18,2,18,2,18,2,17
US_EQUITY_EXTENDED_HOURS,AMD.US-24,3034,2026-W03,-1,HIGH,0,18,0,18,0,18,0,18,0,14
US_EQUITY_EXTENDED_HOURS,AMD.US-24,3034,2026-W03,-1,LOW,1,18,1,18,1,18,0,18,0,18
US_EQUITY_EXTENDED_HOURS,AMD.US-24,3034,2026-W03,1,HIGH,13,5,13,5,13,5,13,5,10,4
US_EQUITY_EXTENDED_HOURS,AMD.US-24,3034,2026-W03,1,LOW,11,9,11,8,11,8,11,8,11,8
US_EQUITY_EXTENDED_HOURS,AMD.US-24,3034,2026-W04,-1,HIGH,0,10,0,10,0,10,0,8,0,8
US_EQUITY_EXTENDED_HOURS,AMD.US-24,3034,2026-W04,-1,LOW,2,9,2,9,2,9,2,9,2,9
US_EQUITY_EXTENDED_HOURS,AMD.US-24,3034,2026-W04,1,HIGH,4,7,4,7,4,6,4,6,4,4
US_EQUITY_EXTENDED_HOURS,AMD.US-24,3034,2026-W04,1,LOW,6,6,5,6,5,6,5,6,5,6
US_EQUITY_EXTENDED_HOURS,AMD.US-24,3034,2026-W05,-1,HIGH,9,11,9,11,9,11,9,11,9,11
US_EQUITY_EXTENDED_HOURS,AMD.US-24,3034,2026-W05,-1,LOW,5,15,5,15,5,15,5,15,4,15
US_EQUITY_EXTENDED_HOURS,AMD.US-24,3034,2026-W05,1,HIGH,1,21,1,21,1,21,1,20,1,20
US_EQUITY_EXTENDED_HOURS,AMD.US-24,3034,2026-W05,1,LOW,8,11,8,11,8,11,8,11,8,10
US_EQUITY_EXTENDED_HOURS,AMD.US-24,3034,2026-W06,-1,HIGH,14,8,14,8,14,8,14,8,14,7
US_EQUITY_EXTENDED_HOURS,AMD.US-24,3034,2026-W06,-1,LOW,1,19,1,19,1,18,1,18,1,18
US_EQUITY_EXTENDED_HOURS,AMD.US-24,3034,2026-W06,1,HIGH,3,21,3,21,3,21,3,21,3,21
US_EQUITY_EXTENDED_HOURS,AMD.US-24,3034,2026-W06,1,LOW,4,14,4,14,4,14,4,14,3,14
US_EQUITY_EXTENDED_HOURS,AMD.US-24,3034,2026-W07,-1,HIGH,5,9,5,9,5,9,5,8,5,8
US_EQUITY_EXTENDED_HOURS,AMD.US-24,3034,2026-W07,-1,LOW,5,19,5,19,5,18,5,18,3,18
US_EQUITY_EXTENDED_HOURS,AMD.US-24,3034,2026-W07,1,HIGH,2,14,2,14,2,13,2,12,2,12
US_EQUITY_EXTENDED_HOURS,AMD.US-24,3034,2026-W07,1,LOW,4,20,4,20,4,20,4,19,4,17
US_EQUITY_EXTENDED_HOURS,AMD.US-24,3034,2026-W08,-1,HIGH,4,14,3,14,3,14,3,14,3,11
US_EQUITY_EXTENDED_HOURS,AMD.US-24,3034,2026-W08,-1,LOW,0,11,0,11,0,11,0,11,0,11
US_EQUITY_EXTENDED_HOURS,AMD.US-24,3034,2026-W08,1,HIGH,3,14,3,14,3,14,3,14,2,11
US_EQUITY_EXTENDED_HOURS,AMD.US-24,3034,2026-W08,1,LOW,2,8,2,8,2,8,2,8,2,8
US_EQUITY_EXTENDED_HOURS,AMD.US-24,3034,2026-W09,-1,HIGH,10,16,10,16,10,15,10,15,10,15
US_EQUITY_EXTENDED_HOURS,AMD.US-24,3034,2026-W09,-1,LOW,1,17,1,17,1,17,1,17,1,17
US_EQUITY_EXTENDED_HOURS,AMD.US-24,3034,2026-W09,1,HIGH,6,19,6,18,6,18,6,18,6,17
US_EQUITY_EXTENDED_HOURS,AMD.US-24,3034,2026-W09,1,LOW,10,12,10,12,10,12,10,12,10,12
US_EQUITY_EXTENDED_HOURS,AMD.US-24,3034,2026-W10,-1,HIGH,1,14,0,14,0,14,0,14,0,12
US_EQUITY_EXTENDED_HOURS,AMD.US-24,3034,2026-W10,-1,LOW,0,15,0,15,0,14,0,14,0,14
US_EQUITY_EXTENDED_HOURS,AMD.US-24,3034,2026-W10,1,HIGH,6,9,6,9,6,8,6,8,6,7
US_EQUITY_EXTENDED_HOURS,AMD.US-24,3034,2026-W10,1,LOW,1,13,1,12,1,12,1,12,1,12
US_EQUITY_EXTENDED_HOURS,AMD.US-24,3034,2026-W11,-1,HIGH,2,10,2,9,2,9,2,9,2,7
US_EQUITY_EXTENDED_HOURS,AMD.US-24,3034,2026-W11,-1,LOW,2,9,2,9,2,9,2,8,2,6
US_EQUITY_EXTENDED_HOURS,AMD.US-24,3034,2026-W11,1,HIGH,7,4,7,3,7,3,6,3,6,1
US_EQUITY_EXTENDED_HOURS,AMD.US-24,3034,2026-W11,1,LOW,3,10,3,10,3,9,3,8,3,7
US_EQUITY_EXTENDED_HOURS,AMD.US-24,3034,2026-W12,-1,HIGH,2,7,2,6,2,6,2,6,2,6
US_EQUITY_EXTENDED_HOURS,AMD.US-24,3034,2026-W12,-1,LOW,0,1,0,1,0,1,0,1,0,0
US_EQUITY_EXTENDED_HOURS,AMD.US-24,3034,2026-W12,1,HIGH,3,3,3,3,3,3,3,3,3,1
US_EQUITY_EXTENDED_HOURS,AMD.US-24,3034,2026-W12,1,LOW,1,2,1,2,1,2,1,2,1,2
US_EQUITY_EXTENDED_HOURS,AMD.US-24,3034,2026-W13,-1,HIGH,9,12,9,12,9,12,9,12,9,7
US_EQUITY_EXTENDED_HOURS,AMD.US-24,3034,2026-W13,-1,LOW,7,16,7,16,7,15,7,15,7,15
US_EQUITY_EXTENDED_HOURS,AMD.US-24,3034,2026-W13,1,HIGH,4,17,4,17,4,17,4,17,4,12
US_EQUITY_EXTENDED_HOURS,AMD.US-24,3034,2026-W13,1,LOW,6,14,6,14,6,14,6,13,6,13
US_EQUITY_EXTENDED_HOURS,AMD.US-24,3034,2026-W14,-1,HIGH,1,10,1,10,1,10,1,9,1,6
US_EQUITY_EXTENDED_HOURS,AMD.US-24,3034,2026-W14,-1,LOW,3,5,3,4,3,4,3,4,3,4
US_EQUITY_EXTENDED_HOURS,AMD.US-24,3034,2026-W14,1,HIGH,4,6,4,6,4,6,4,6,2,4
US_EQUITY_EXTENDED_HOURS,AMD.US-24,3034,2026-W14,1,LOW,2,5,2,5,2,5,2,5,2,5
US_EQUITY_EXTENDED_HOURS,AMD.US-24,3034,2026-W15,-1,HIGH,4,10,4,10,4,10,4,10,3,8
US_EQUITY_EXTENDED_HOURS,AMD.US-24,3034,2026-W15,-1,LOW,1,19,1,19,1,19,1,16,1,16
US_EQUITY_EXTENDED_HOURS,AMD.US-24,3034,2026-W15,1,HIGH,6,8,6,8,6,8,6,8,4,7
US_EQUITY_EXTENDED_HOURS,AMD.US-24,3034,2026-W15,1,LOW,9,11,9,11,9,11,9,10,9,9
US_EQUITY_EXTENDED_HOURS,AMD.US-24,3034,2026-W16,-1,HIGH,0,17,0,17,0,15,0,14,0,12
US_EQUITY_EXTENDED_HOURS,AMD.US-24,3034,2026-W16,-1,LOW,0,22,0,22,0,22,0,22,0,21
US_EQUITY_EXTENDED_HOURS,AMD.US-24,3034,2026-W16,1,HIGH,8,6,8,6,8,6,6,6,5,6
US_EQUITY_EXTENDED_HOURS,AMD.US-24,3034,2026-W16,1,LOW,10,14,10,14,10,14,10,14,9,14
US_EQUITY_EXTENDED_HOURS,AMD.US-24,3034,2026-W17,-1,HIGH,0,13,0,13,0,13,0,13,0,11
US_EQUITY_EXTENDED_HOURS,AMD.US-24,3034,2026-W17,-1,LOW,0,10,0,10,0,10,0,10,0,10
US_EQUITY_EXTENDED_HOURS,AMD.US-24,3034,2026-W17,1,HIGH,9,3,9,3,9,3,9,3,7,3
US_EQUITY_EXTENDED_HOURS,AMD.US-24,3034,2026-W17,1,LOW,3,9,3,9,3,9,3,9,3,9
US_EQUITY_EXTENDED_HOURS,AMD.US-24,3034,2026-W18,-1,HIGH,1,17,1,17,1,17,1,17,1,17
US_EQUITY_EXTENDED_HOURS,AMD.US-24,3034,2026-W18,-1,LOW,3,13,3,13,3,13,3,12,3,11
US_EQUITY_EXTENDED_HOURS,AMD.US-24,3034,2026-W18,1,HIGH,7,13,7,13,7,13,7,13,7,13
US_EQUITY_EXTENDED_HOURS,AMD.US-24,3034,2026-W18,1,LOW,4,10,4,10,3,10,3,10,3,9
US_EQUITY_EXTENDED_HOURS,AMD.US-24,3034,2026-W19,-1,HIGH,3,7,3,7,3,7,3,7,3,5
US_EQUITY_EXTENDED_HOURS,AMD.US-24,3034,2026-W19,-1,LOW,6,19,6,19,6,19,6,19,6,19
US_EQUITY_EXTENDED_HOURS,AMD.US-24,3034,2026-W19,1,HIGH,5,5,5,5,5,5,5,5,4,5
US_EQUITY_EXTENDED_HOURS,AMD.US-24,3034,2026-W19,1,LOW,10,16,10,16,10,16,10,16,10,15
US_EQUITY_EXTENDED_HOURS,AMD.US-24,3034,2026-W20,-1,HIGH,8,12,8,12,8,12,8,12,8,11
US_EQUITY_EXTENDED_HOURS,AMD.US-24,3034,2026-W20,-1,LOW,8,12,8,12,8,12,8,12,8,12
US_EQUITY_EXTENDED_HOURS,AMD.US-24,3034,2026-W20,1,HIGH,3,16,3,16,3,16,3,16,3,15
US_EQUITY_EXTENDED_HOURS,AMD.US-24,3034,2026-W20,1,LOW,2,18,2,18,2,18,2,18,2,18
US_EQUITY_EXTENDED_HOURS,AMD.US-24,3034,2026-W21,-1,HIGH,4,15,4,15,4,15,4,15,4,15
US_EQUITY_EXTENDED_HOURS,AMD.US-24,3034,2026-W21,-1,LOW,1,14,0,13,0,13,0,13,0,12
US_EQUITY_EXTENDED_HOURS,AMD.US-24,3034,2026-W21,1,HIGH,8,10,8,10,8,10,8,10,8,10
US_EQUITY_EXTENDED_HOURS,AMD.US-24,3034,2026-W21,1,LOW,7,9,7,9,7,8,7,7,6,7
US_EQUITY_EXTENDED_HOURS,AMD.US-24,3034,2026-W22,-1,HIGH,4,16,4,16,4,16,4,16,3,16
US_EQUITY_EXTENDED_HOURS,AMD.US-24,3034,2026-W22,-1,LOW,3,14,3,14,3,14,3,14,3,14
US_EQUITY_EXTENDED_HOURS,AMD.US-24,3034,2026-W22,1,HIGH,13,8,13,8,13,8,13,8,13,6
US_EQUITY_EXTENDED_HOURS,AMD.US-24,3034,2026-W22,1,LOW,5,12,5,12,5,12,5,12,5,12
US_EQUITY_EXTENDED_HOURS,AMD.US-24,3034,2026-W23,-1,HIGH,6,13,6,13,6,13,5,13,4,13
US_EQUITY_EXTENDED_HOURS,AMD.US-24,3034,2026-W23,-1,LOW,9,25,9,25,9,25,9,25,9,25
US_EQUITY_EXTENDED_HOURS,AMD.US-24,3034,2026-W23,1,HIGH,2,20,2,20,2,20,2,20,2,18
US_EQUITY_EXTENDED_HOURS,AMD.US-24,3034,2026-W23,1,LOW,4,26,4,26,4,26,4,26,4,26
US_EQUITY_EXTENDED_HOURS,AMD.US-24,3034,2026-W24,-1,HIGH,5,18,5,18,5,18,5,18,5,17
US_EQUITY_EXTENDED_HOURS,AMD.US-24,3034,2026-W24,-1,LOW,5,21,5,21,5,21,5,21,5,21
US_EQUITY_EXTENDED_HOURS,AMD.US-24,3034,2026-W24,1,HIGH,10,13,10,13,10,13,10,13,10,13
US_EQUITY_EXTENDED_HOURS,AMD.US-24,3034,2026-W24,1,LOW,12,13,12,13,12,13,12,13,12,13
US_EQUITY_EXTENDED_HOURS,AMD.US-24,3034,2026-W25,-1,HIGH,3,14,3,14,3,14,3,14,3,13
US_EQUITY_EXTENDED_HOURS,AMD.US-24,3034,2026-W25,-1,LOW,0,20,0,20,0,20,0,20,0,20
US_EQUITY_EXTENDED_HOURS,AMD.US-24,3034,2026-W25,1,HIGH,10,8,10,8,9,8,9,8,9,8
US_EQUITY_EXTENDED_HOURS,AMD.US-24,3034,2026-W25,1,LOW,5,14,5,14,5,14,5,14,5,14
US_EQUITY_EXTENDED_HOURS,AMD.US-24,3034,2026-W26,-1,HIGH,2,16,2,16,2,16,2,16,2,13
US_EQUITY_EXTENDED_HOURS,AMD.US-24,3034,2026-W26,-1,LOW,5,12,5,11,5,11,4,11,4,10
US_EQUITY_EXTENDED_HOURS,AMD.US-24,3034,2026-W26,1,HIGH,4,13,4,13,3,13,3,13,1,11
US_EQUITY_EXTENDED_HOURS,AMD.US-24,3034,2026-W26,1,LOW,8,7,8,7,8,7,8,7,7,7
US_EQUITY_EXTENDED_HOURS,AMD.US-24,3034,2026-W27,-1,HIGH,9,6,9,6,9,6,9,6,9,6
US_EQUITY_EXTENDED_HOURS,AMD.US-24,3034,2026-W27,-1,LOW,4,10,4,10,4,9,4,9,4,8
US_EQUITY_EXTENDED_HOURS,AMD.US-24,3034,2026-W27,1,HIGH,3,14,3,14,3,14,3,14,3,14
US_EQUITY_EXTENDED_HOURS,AMD.US-24,3034,2026-W27,1,LOW,1,12,1,12,1,12,1,11,1,10
US_EQUITY_EXTENDED_HOURS,AMD.US-24,3034,2026-W28,-1,HIGH,0,6,0,6,0,6,0,6,0,4
US_EQUITY_EXTENDED_HOURS,AMD.US-24,3034,2026-W28,-1,LOW,2,10,2,9,2,9,2,7,2,7
US_EQUITY_EXTENDED_HOURS,AMD.US-24,3034,2026-W28,1,HIGH,2,3,2,3,2,3,2,3,2,2
US_EQUITY_EXTENDED_HOURS,AMD.US-24,3034,2026-W28,1,LOW,2,10,2,10,2,10,2,9,2,7
US_EQUITY_EXTENDED_HOURS,AMD.US-24,3034,2026-W29,-1,HIGH,7,5,7,5,7,5,7,5,7,3
US_EQUITY_EXTENDED_HOURS,AMD.US-24,3034,2026-W29,-1,LOW,6,5,6,5,6,4,6,4,6,2
US_EQUITY_EXTENDED_HOURS,AMD.US-24,3034,2026-W29,1,HIGH,1,11,1,11,1,11,1,11,0,11
US_EQUITY_EXTENDED_HOURS,AMD.US-24,3034,2026-W29,1,LOW,1,10,1,10,1,10,1,9,1,7
US_EQUITY_EXTENDED_HOURS,AMD.US-24,3034,2026-W30,-1,HIGH,7,18,6,18,6,18,6,18,5,18
US_EQUITY_EXTENDED_HOURS,AMD.US-24,3034,2026-W30,-1,LOW,5,20,5,20,5,20,5,20,5,20
US_EQUITY_EXTENDED_HOURS,AMD.US-24,3034,2026-W30,1,HIGH,8,17,8,17,8,17,8,16,8,16
US_EQUITY_EXTENDED_HOURS,AMD.US-24,3034,2026-W30,1,LOW,10,15,10,15,10,15,10,15,10,15
US_EQUITY_EXTENDED_HOURS,AMD.US-24,3034,2026-W31,-1,HIGH,7,19,7,19,7,19,7,19,6,19
US_EQUITY_EXTENDED_HOURS,AMD.US-24,3034,2026-W31,-1,LOW,5,12,5,12,5,12,5,12,4,12
US_EQUITY_EXTENDED_HOURS,AMD.US-24,3034,2026-W31,1,HIGH,3,26,3,26,3,26,3,26,3,24
US_EQUITY_EXTENDED_HOURS,AMD.US-24,3034,2026-W31,1,LOW,5,8,5,8,5,8,5,8,5,8
US_EQUITY_EXTENDED_HOURS,AMD.US-24,3034,2026-W32,-1,HIGH,2,16,2,16,2,16,2,16,1,16
US_EQUITY_EXTENDED_HOURS,AMD.US-24,3034,2026-W32,-1,LOW,10,23,10,23,10,23,10,23,10,23
US_EQUITY_EXTENDED_HOURS,AMD.US-24,3034,2026-W32,1,HIGH,8,11,8,11,8,11,8,11,8,9
US_EQUITY_EXTENDED_HOURS,AMD.US-24,3034,2026-W32,1,LOW,7,23,7,23,7,23,7,23,7,23
US_EQUITY_EXTENDED_HOURS,AMD.US-24,3034,2026-W33,-1,HIGH,8,14,8,14,8,14,8,14,8,13
US_EQUITY_EXTENDED_HOURS,AMD.US-24,3034,2026-W33,-1,LOW,1,25,1,25,1,25,1,25,1,25
US_EQUITY_EXTENDED_HOURS,AMD.US-24,3034,2026-W33,1,HIGH,9,12,9,12,9,12,8,12,8,12
US_EQUITY_EXTENDED_HOURS,AMD.US-24,3034,2026-W33,1,LOW,13,14,13,14,13,14,13,14,13,14
US_EQUITY_EXTENDED_HOURS,AMD.US-24,3034,2026-W34,-1,HIGH,17,9,17,9,17,9,17,9,16,8
US_EQUITY_EXTENDED_HOURS,AMD.US-24,3034,2026-W34,-1,LOW,5,21,5,21,5,21,5,21,5,21
US_EQUITY_EXTENDED_HOURS,AMD.US-24,3034,2026-W34,1,HIGH,0,24,0,24,0,24,0,24,0,23
US_EQUITY_EXTENDED_HOURS,AMD.US-24,3034,2026-W34,1,LOW,6,22,6,22,6,22,6,21,6,21
US_EQUITY_EXTENDED_HOURS,AMD.US-24,3034,2026-W35,-1,HIGH,4,21,4,21,4,21,4,21,4,20
US_EQUITY_EXTENDED_HOURS,AMD.US-24,3034,2026-W35,-1,LOW,1,12,1,11,1,11,1,11,1,10
US_EQUITY_EXTENDED_HOURS,AMD.US-24,3034,2026-W35,1,HIGH,13,10,13,10,13,10,13,10,13,10
US_EQUITY_EXTENDED_HOURS,AMD.US-24,3034,2026-W35,1,LOW,4,10,4,10,4,10,4,10,4,8
US_EQUITY_EXTENDED_HOURS,AMD.US-24,3034,2026-W36,-1,HIGH,2,14,2,14,2,14,2,14,2,13
US_EQUITY_EXTENDED_HOURS,AMD.US-24,3034,2026-W36,-1,LOW,4,16,4,16,4,16,4,16,4,14
US_EQUITY_EXTENDED_HOURS,AMD.US-24,3034,2026-W36,1,HIGH,7,11,7,11,7,11,7,11,7,10
US_EQUITY_EXTENDED_HOURS,AMD.US-24,3034,2026-W36,1,LOW,3,16,3,16,3,16,3,16,3,14
US_EQUITY_EXTENDED_HOURS,AMD.US-24,3034,2026-W37,-1,HIGH,2,12,2,12,2,12,2,12,2,11
US_EQUITY_EXTENDED_HOURS,AMD.US-24,3034,2026-W37,-1,LOW,3,9,3,9,3,9,3,9,3,8
US_EQUITY_EXTENDED_HOURS,AMD.US-24,3034,2026-W37,1,HIGH,6,7,6,7,6,7,6,7,5,7
US_EQUITY_EXTENDED_HOURS,AMD.US-24,3034,2026-W37,1,LOW,2,10,2,10,2,10,2,10,2,9
US_EQUITY_EXTENDED_HOURS,AMD.US-24,3034,2026-W38,-1,HIGH,0,8,0,8,0,8,0,8,0,6
US_EQUITY_EXTENDED_HOURS,AMD.US-24,3034,2026-W38,-1,LOW,1,8,1,8,1,8,1,7,1,6
US_EQUITY_EXTENDED_HOURS,AMD.US-24,3034,2026-W38,1,HIGH,2,6,2,6,2,6,2,6,2,2
US_EQUITY_EXTENDED_HOURS,AMD.US-24,3034,2026-W38,1,LOW,3,5,3,5,3,5,3,5,3,4
US_EQUITY_EXTENDED_HOURS,AMZN.US-24,3032,2025-W38,-1,HIGH,0,2,0,2,0,2,0,2,0,2
US_EQUITY_EXTENDED_HOURS,AMZN.US-24,3032,2025-W38,-1,LOW,3,5,3,5,2,5,2,5,0,5
US_EQUITY_EXTENDED_HOURS,AMZN.US-24,3032,2025-W38,1,HIGH,0,2,0,2,0,2,0,2,0,1
US_EQUITY_EXTENDED_HOURS,AMZN.US-24,3032,2025-W38,1,LOW,3,5,3,4,3,4,3,3,3,2
US_EQUITY_EXTENDED_HOURS,AMZN.US-24,3032,2025-W39,-1,HIGH,7,12,7,12,7,12,7,12,5,8
US_EQUITY_EXTENDED_HOURS,AMZN.US-24,3032,2025-W39,-1,LOW,3,19,3,19,3,19,3,19,3,19
US_EQUITY_EXTENDED_HOURS,AMZN.US-24,3032,2025-W39,1,HIGH,6,12,6,12,6,12,6,12,5,8
US_EQUITY_EXTENDED_HOURS,AMZN.US-24,3032,2025-W39,1,LOW,4,19,4,19,4,19,4,19,4,18
US_EQUITY_EXTENDED_HOURS,AMZN.US-24,3032,2025-W40,-1,HIGH,2,10,2,10,2,10,2,10,2,10
US_EQUITY_EXTENDED_HOURS,AMZN.US-24,3032,2025-W40,-1,LOW,2,21,2,21,2,21,2,20,2,19
US_EQUITY_EXTENDED_HOURS,AMZN.US-24,3032,2025-W40,1,HIGH,2,14,2,14,2,14,2,14,2,14
US_EQUITY_EXTENDED_HOURS,AMZN.US-24,3032,2025-W40,1,LOW,12,8,12,8,11,8,11,8,10,8
US_EQUITY_EXTENDED_HOURS,AMZN.US-24,3032,2025-W41,-1,HIGH,8,11,8,11,8,11,8,11,7,11
US_EQUITY_EXTENDED_HOURS,AMZN.US-24,3032,2025-W41,-1,LOW,1,18,1,18,1,18,1,18,1,18
US_EQUITY_EXTENDED_HOURS,AMZN.US-24,3032,2025-W41,1,HIGH,4,16,4,16,4,16,4,16,4,15
US_EQUITY_EXTENDED_HOURS,AMZN.US-24,3032,2025-W41,1,LOW,9,10,9,10,9,10,9,10,9,10
US_EQUITY_EXTENDED_HOURS,AMZN.US-24,3032,2025-W42,-1,HIGH,8,11,8,11,8,11,8,11,7,10
US_EQUITY_EXTENDED_HOURS,AMZN.US-24,3032,2025-W42,-1,LOW,5,23,5,23,5,23,5,23,5,23
US_EQUITY_EXTENDED_HOURS,AMZN.US-24,3032,2025-W42,1,HIGH,4,15,4,15,4,15,4,15,4,14
US_EQUITY_EXTENDED_HOURS,AMZN.US-24,3032,2025-W42,1,LOW,13,16,13,16,12,16,12,16,12,16
US_EQUITY_EXTENDED_HOURS,AMZN.US-24,3032,2025-W43,-1,HIGH,5,9,5,9,5,9,5,8,5,4
US_EQUITY_EXTENDED_HOURS,AMZN.US-24,3032,2025-W43,-1,LOW,2,12,2,12,2,12,2,11,2,11
US_EQUITY_EXTENDED_HOURS,AMZN.US-24,3032,2025-W43,1,HIGH,7,9,7,9,7,9,7,9,4,9
US_EQUITY_EXTENDED_HOURS,AMZN.US-24,3032,2025-W43,1,LOW,3,10,3,10,3,10,3,10,3,10
US_EQUITY_EXTENDED_HOURS,AMZN.US-24,3032,2025-W44,-1,HIGH,3,13,3,13,3,13,3,13,3,13
US_EQUITY_EXTENDED_HOURS,AMZN.US-24,3032,2025-W44,-1,LOW,4,16,4,15,4,15,4,15,4,11
US_EQUITY_EXTENDED_HOURS,AMZN.US-24,3032,2025-W44,1,HIGH,4,14,4,14,4,14,4,14,4,13
US_EQUITY_EXTENDED_HOURS,AMZN.US-24,3032,2025-W44,1,LOW,5,13,5,13,4,13,4,13,2,13
US_EQUITY_EXTENDED_HOURS,AMZN.US-24,3032,2025-W45,-1,HIGH,6,13,6,12,6,12,6,12,6,12
US_EQUITY_EXTENDED_HOURS,AMZN.US-24,3032,2025-W45,-1,LOW,10,18,10,18,10,18,10,18,10,18
US_EQUITY_EXTENDED_HOURS,AMZN.US-24,3032,2025-W45,1,HIGH,1,19,1,19,1,19,1,19,1,19
US_EQUITY_EXTENDED_HOURS,AMZN.US-24,3032,2025-W45,1,LOW,3,25,3,25,3,25,3,25,3,25
US_EQUITY_EXTENDED_HOURS,AMZN.US-24,3032,2025-W46,-1,HIGH,3,4,3,4,3,4,3,4,2,4
US_EQUITY_EXTENDED_HOURS,AMZN.US-24,3032,2025-W46,-1,LOW,5,10,5,10,5,10,4,10,4,6
US_EQUITY_EXTENDED_HOURS,AMZN.US-24,3032,2025-W46,1,HIGH,2,8,2,7,2,7,2,7,2,6
US_EQUITY_EXTENDED_HOURS,AMZN.US-24,3032,2025-W46,1,LOW,1,11,1,11,1,11,1,11,0,8
US_EQUITY_EXTENDED_HOURS,AMZN.US-24,3032,2025-W47,-1,HIGH,13,6,13,6,13,6,13,6,12,4
US_EQUITY_EXTENDED_HOURS,AMZN.US-24,3032,2025-W47,-1,LOW,3,13,3,13,3,13,3,13,3,13
US_EQUITY_EXTENDED_HOURS,AMZN.US-24,3032,2025-W47,1,HIGH,2,18,2,17,2,17,2,17,2,15
US_EQUITY_EXTENDED_HOURS,AMZN.US-24,3032,2025-W47,1,LOW,2,16,2,16,1,16,1,16,1,15
US_EQUITY_EXTENDED_HOURS,AMZN.US-24,3032,2025-W48,-1,HIGH,1,3,1,3,1,3,1,3,0,2
US_EQUITY_EXTENDED_HOURS,AMZN.US-24,3032,2025-W48,-1,LOW,1,14,1,14,1,14,1,12,0,11
US_EQUITY_EXTENDED_HOURS,AMZN.US-24,3032,2025-W48,1,HIGH,4,2,4,2,4,2,4,2,3,1
US_EQUITY_EXTENDED_HOURS,AMZN.US-24,3032,2025-W48,1,LOW,8,7,8,7,8,6,8,5,7,5
US_EQUITY_EXTENDED_HOURS,AMZN.US-24,3032,2025-W49,-1,HIGH,2,10,2,10,2,10,2,10,2,10
US_EQUITY_EXTENDED_HOURS,AMZN.US-24,3032,2025-W49,-1,LOW,1,12,1,12,1,11,1,11,1,8
US_EQUITY_EXTENDED_HOURS,AMZN.US-24,3032,2025-W49,1,HIGH,5,7,5,7,5,7,5,7,5,7
US_EQUITY_EXTENDED_HOURS,AMZN.US-24,3032,2025-W49,1,LOW,2,15,1,15,1,14,1,14,1,10
US_EQUITY_EXTENDED_HOURS,AMZN.US-24,3032,2025-W50,-1,HIGH,3,1,3,1,3,1,3,1,3,0
US_EQUITY_EXTENDED_HOURS,AMZN.US-24,3032,2025-W50,-1,LOW,1,6,1,6,1,6,1,6,1,4
US_EQUITY_EXTENDED_HOURS,AMZN.US-24,3032,2025-W50,1,HIGH,0,7,0,7,0,7,0,7,0,5
US_EQUITY_EXTENDED_HOURS,AMZN.US-24,3032,2025-W50,1,LOW,0,7,0,7,0,7,0,6,0,6
US_EQUITY_EXTENDED_HOURS,AMZN.US-24,3032,2025-W51,-1,HIGH,6,9,6,9,6,9,6,9,6,7
US_EQUITY_EXTENDED_HOURS,AMZN.US-24,3032,2025-W51,-1,LOW,2,23,2,23,2,22,2,21,2,19
US_EQUITY_EXTENDED_HOURS,AMZN.US-24,3032,2025-W51,1,HIGH,2,14,2,14,2,14,2,14,2,13
US_EQUITY_EXTENDED_HOURS,AMZN.US-24,3032,2025-W51,1,LOW,7,16,7,15,7,15,7,14,5,14
US_EQUITY_EXTENDED_HOURS,AMZN.US-24,3032,2025-W52,-1,HIGH,0,6,0,6,0,6,0,5,0,5
US_EQUITY_EXTENDED_HOURS,AMZN.US-24,3032,2025-W52,-1,LOW,2,13,2,13,2,13,2,12,2,10
US_EQUITY_EXTENDED_HOURS,AMZN.US-24,3032,2025-W52,1,HIGH,3,3,3,3,3,3,3,3,3,3
US_EQUITY_EXTENDED_HOURS,AMZN.US-24,3032,2025-W52,1,LOW,2,13,2,13,2,13,2,12,2,10
US_EQUITY_EXTENDED_HOURS,AMZN.US-24,3032,2026-W01,-1,HIGH,0,2,0,2,0,2,0,2,0,0
US_EQUITY_EXTENDED_HOURS,AMZN.US-24,3032,2026-W01,-1,LOW,0,1,0,1,0,1,0,1,0,0
US_EQUITY_EXTENDED_HOURS,AMZN.US-24,3032,2026-W01,1,HIGH,1,1,1,1,0,1,0,0,0,0
US_EQUITY_EXTENDED_HOURS,AMZN.US-24,3032,2026-W02,-1,HIGH,1,8,1,7,1,7,1,7,1,6
US_EQUITY_EXTENDED_HOURS,AMZN.US-24,3032,2026-W02,-1,LOW,1,13,1,13,1,12,1,12,1,10
US_EQUITY_EXTENDED_HOURS,AMZN.US-24,3032,2026-W02,1,HIGH,7,3,7,3,7,3,6,3,4,2
US_EQUITY_EXTENDED_HOURS,AMZN.US-24,3032,2026-W02,1,LOW,2,12,2,12,2,12,2,12,2,10
US_EQUITY_EXTENDED_HOURS,AMZN.US-24,3032,2026-W03,-1,HIGH,4,13,4,13,4,13,4,12,4,10
US_EQUITY_EXTENDED_HOURS,AMZN.US-24,3032,2026-W03,-1,LOW,8,6,8,6,8,6,8,6,8,4
US_EQUITY_EXTENDED_HOURS,AMZN.US-24,3032,2026-W03,1,HIGH,3,13,3,12,3,12,3,12,3,10
US_EQUITY_EXTENDED_HOURS,AMZN.US-24,3032,2026-W03,1,LOW,2,12,2,12,2,12,2,12,2,11
US_EQUITY_EXTENDED_HOURS,AMZN.US-24,3032,2026-W04,-1,HIGH,4,12,4,12,4,12,4,11,4,9
US_EQUITY_EXTENDED_HOURS,AMZN.US-24,3032,2026-W04,-1,LOW,2,15,2,15,2,15,2,15,2,15
US_EQUITY_EXTENDED_HOURS,AMZN.US-24,3032,2026-W04,1,HIGH,5,14,5,13,5,13,5,13,5,10
US_EQUITY_EXTENDED_HOURS,AMZN.US-24,3032,2026-W04,1,LOW,5,11,5,11,5,11,5,11,5,11
US_EQUITY_EXTENDED_HOURS,AMZN.US-24,3032,2026-W05,-1,HIGH,3,12,3,12,3,12,3,12,3,10
US_EQUITY_EXTENDED_HOURS,AMZN.US-24,3032,2026-W05,-1,LOW,0,11,0,11,0,10,0,9,0,6
US_EQUITY_EXTENDED_HOURS,AMZN.US-24,3032,2026-W05,1,HIGH,1,12,1,12,1,12,1,12,1,11
US_EQUITY_EXTENDED_HOURS,AMZN.US-24,3032,2026-W05,1,LOW,5,10,5,8,5,8,5,7,5,4
US_EQUITY_EXTENDED_HOURS,AMZN.US-24,3032,2026-W06,-1,HIGH,6,10,6,9,6,9,6,9,4,7
US_EQUITY_EXTENDED_HOURS,AMZN.US-24,3032,2026-W06,-1,LOW,4,13,4,13,4,13,4,13,4,13
US_EQUITY_EXTENDED_HOURS,AMZN.US-24,3032,2026-W06,1,HIGH,4,15,4,15,4,15,4,15,2,13
US_EQUITY_EXTENDED_HOURS,AMZN.US-24,3032,2026-W06,1,LOW,4,11,4,11,4,11,4,11,4,11
US_EQUITY_EXTENDED_HOURS,AMZN.US-24,3032,2026-W07,-1,HIGH,10,8,10,8,10,8,10,8,10,7
US_EQUITY_EXTENDED_HOURS,AMZN.US-24,3032,2026-W07,-1,LOW,8,17,8,17,8,17,7,17,6,17
US_EQUITY_EXTENDED_HOURS,AMZN.US-24,3032,2026-W07,1,HIGH,2,14,2,14,2,14,2,14,2,14
US_EQUITY_EXTENDED_HOURS,AMZN.US-24,3032,2026-W07,1,LOW,1,26,1,26,1,25,1,23,1,22
US_EQUITY_EXTENDED_HOURS,AMZN.US-24,3032,2026-W08,-1,HIGH,4,15,4,15,4,15,4,14,4,12
US_EQUITY_EXTENDED_HOURS,AMZN.US-24,3032,2026-W08,-1,LOW,3,18,3,18,3,18,3,18,3,18
US_EQUITY_EXTENDED_HOURS,AMZN.US-24,3032,2026-W08,1,HIGH,7,14,7,14,6,14,5,14,4,13
US_EQUITY_EXTENDED_HOURS,AMZN.US-24,3032,2026-W08,1,LOW,12,8,12,8,12,8,12,8,12,8
US_EQUITY_EXTENDED_HOURS,AMZN.US-24,3032,2026-W09,-1,HIGH,1,6,1,6,1,6,1,6,1,6
US_EQUITY_EXTENDED_HOURS,AMZN.US-24,3032,2026-W09,-1,LOW,1,21,1,21,1,21,1,20,1,13
US_EQUITY_EXTENDED_HOURS,AMZN.US-24,3032,2026-W09,1,HIGH,1,5,1,5,1,5,1,5,1,5
US_EQUITY_EXTENDED_HOURS,AMZN.US-24,3032,2026-W09,1,LOW,3,21,3,21,3,20,3,19,3,12
US_EQUITY_EXTENDED_HOURS,AMZN.US-24,3032,2026-W10,-1,HIGH,0,4,0,4,0,4,0,4,0,3
US_EQUITY_EXTENDED_HOURS,AMZN.US-24,3032,2026-W10,-1,LOW,0,14,0,14,0,13,0,13,0,6
US_EQUITY_EXTENDED_HOURS,AMZN.US-24,3032,2026-W10,1,HIGH,3,1,3,1,3,1,2,1,2,1
US_EQUITY_EXTENDED_HOURS,AMZN.US-24,3032,2026-W10,1,LOW,9,6,9,6,9,5,9,4,5,2
US_EQUITY_EXTENDED_HOURS,AMZN.US-24,3032,2026-W11,-1,HIGH,1,1,1,1,1,1,1,1,1,1
US_EQUITY_EXTENDED_HOURS,AMZN.US-24,3032,2026-W11,-1,LOW,2,1,2,1,2,1,2,1,0,0
US_EQUITY_EXTENDED_HOURS,AMZN.US-24,3032,2026-W11,1,HIGH,1,1,1,1,1,1,1,1,1,1
US_EQUITY_EXTENDED_HOURS,AMZN.US-24,3032,2026-W11,1,LOW,0,4,0,4,0,4,0,4,0,0
US_EQUITY_EXTENDED_HOURS,AMZN.US-24,3032,2026-W12,-1,HIGH,5,2,5,1,5,1,5,1,5,0
US_EQUITY_EXTENDED_HOURS,AMZN.US-24,3032,2026-W12,-1,LOW,1,3,1,3,1,3,0,3,0,3
US_EQUITY_EXTENDED_HOURS,AMZN.US-24,3032,2026-W12,1,HIGH,0,4,0,4,0,4,0,4,0,4
US_EQUITY_EXTENDED_HOURS,AMZN.US-24,3032,2026-W12,1,LOW,1,3,1,3,1,3,1,2,1,2
US_EQUITY_EXTENDED_HOURS,AMZN.US-24,3032,2026-W13,-1,HIGH,0,6,0,6,0,6,0,6,0,4
US_EQUITY_EXTENDED_HOURS,AMZN.US-24,3032,2026-W13,-1,LOW,0,5,0,5,0,5,0,5,0,1
US_EQUITY_EXTENDED_HOURS,AMZN.US-24,3032,2026-W13,1,HIGH,2,4,2,3,2,3,2,3,2,0
US_EQUITY_EXTENDED_HOURS,AMZN.US-24,3032,2026-W13,1,LOW,1,5,1,5,1,5,1,4,0,2
US_EQUITY_EXTENDED_HOURS,AMZN.US-24,3032,2026-W14,-1,HIGH,1,10,1,10,1,10,1,9,1,9
US_EQUITY_EXTENDED_HOURS,AMZN.US-24,3032,2026-W14,-1,LOW,0,4,0,4,0,3,0,3,0,3
US_EQUITY_EXTENDED_HOURS,AMZN.US-24,3032,2026-W14,1,HIGH,4,7,4,7,4,6,4,6,4,5
US_EQUITY_EXTENDED_HOURS,AMZN.US-24,3032,2026-W14,1,LOW,0,4,0,4,0,4,0,4,0,3
US_EQUITY_EXTENDED_HOURS,AMZN.US-24,3032,2026-W15,-1,HIGH,0,6,0,6,0,6,0,6,0,6
US_EQUITY_EXTENDED_HOURS,AMZN.US-24,3032,2026-W15,-1,LOW,0,8,0,7,0,7,0,6,0,4
US_EQUITY_EXTENDED_HOURS,AMZN.US-24,3032,2026-W15,1,HIGH,4,1,4,1,4,1,4,1,3,1
US_EQUITY_EXTENDED_HOURS,AMZN.US-24,3032,2026-W15,1,LOW,3,5,3,5,3,5,3,5,2,3
US_EQUITY_EXTENDED_HOURS,AMZN.US-24,3032,2026-W16,-1,HIGH,1,17,1,17,1,17,1,17,1,15
US_EQUITY_EXTENDED_HOURS,AMZN.US-24,3032,2026-W16,-1,LOW,3,16,3,16,3,16,3,16,3,16
US_EQUITY_EXTENDED_HOURS,AMZN.US-24,3032,2026-W16,1,HIGH,10,7,10,7,10,7,10,7,8,7
US_EQUITY_EXTENDED_HOURS,AMZN.US-24,3032,2026-W16,1,LOW,6,13,6,13,6,13,6,13,6,13
US_EQUITY_EXTENDED_HOURS,AMZN.US-24,3032,2026-W17,-1,HIGH,7,21,7,21,7,21,7,20,7,19
US_EQUITY_EXTENDED_HOURS,AMZN.US-24,3032,2026-W17,-1,LOW,2,17,2,17,2,17,2,17,2,17
US_EQUITY_EXTENDED_HOURS,AMZN.US-24,3032,2026-W17,1,HIGH,12,17,12,17,12,17,12,17,10,17
US_EQUITY_EXTENDED_HOURS,AMZN.US-24,3032,2026-W17,1,LOW,4,15,4,15,4,15,4,15,4,15
US_EQUITY_EXTENDED_HOURS,AMZN.US-24,3032,2026-W18,-1,HIGH,3,17,3,17,3,17,3,17,3,17
US_EQUITY_EXTENDED_HOURS,AMZN.US-24,3032,2026-W18,-1,LOW,4,13,4,13,4,13,4,13,4,11
US_EQUITY_EXTENDED_HOURS,AMZN.US-24,3032,2026-W18,1,HIGH,4,15,4,15,4,15,4,15,4,15
US_EQUITY_EXTENDED_HOURS,AMZN.US-24,3032,2026-W18,1,LOW,4,15,4,15,4,15,4,15,3,13
US_EQUITY_EXTENDED_HOURS,AMZN.US-24,3032,2026-W19,-1,HIGH,0,10,0,10,0,10,0,10,0,10
US_EQUITY_EXTENDED_HOURS,AMZN.US-24,3032,2026-W19,-1,LOW,3,22,3,22,3,22,3,20,3,18
US_EQUITY_EXTENDED_HOURS,AMZN.US-24,3032,2026-W19,1,HIGH,3,6,3,6,3,6,3,6,3,6
US_EQUITY_EXTENDED_HOURS,AMZN.US-24,3032,2026-W19,1,LOW,13,13,13,13,12,13,12,13,12,11
US_EQUITY_EXTENDED_HOURS,AMZN.US-24,3032,2026-W20,-1,HIGH,15,9,15,8,15,8,15,7,15,5
US_EQUITY_EXTENDED_HOURS,AMZN.US-24,3032,2026-W20,-1,LOW,9,8,9,8,9,8,9,8,8,8
US_EQUITY_EXTENDED_HOURS,AMZN.US-24,3032,2026-W20,1,HIGH,3,22,3,22,3,22,3,21,3,20
US_EQUITY_EXTENDED_HOURS,AMZN.US-24,3032,2026-W20,1,LOW,2,11,2,11,2,11,2,11,2,10
US_EQUITY_EXTENDED_HOURS,AMZN.US-24,3032,2026-W21,-1,HIGH,2,16,2,15,2,15,2,15,2,12
US_EQUITY_EXTENDED_HOURS,AMZN.US-24,3032,2026-W21,-1,LOW,3,19,3,19,3,19,3,19,3,19
US_EQUITY_EXTENDED_HOURS,AMZN.US-24,3032,2026-W21,1,HIGH,6,11,6,11,6,11,6,11,6,8
US_EQUITY_EXTENDED_HOURS,AMZN.US-24,3032,2026-W21,1,LOW,6,19,6,19,6,19,6,19,6,19
US_EQUITY_EXTENDED_HOURS,AMZN.US-24,3032,2026-W22,-1,HIGH,4,9,4,9,4,9,3,9,3,9
US_EQUITY_EXTENDED_HOURS,AMZN.US-24,3032,2026-W22,-1,LOW,6,10,5,10,5,10,4,10,4,9
US_EQUITY_EXTENDED_HOURS,AMZN.US-24,3032,2026-W22,1,HIGH,4,11,4,11,4,11,4,11,4,9
US_EQUITY_EXTENDED_HOURS,AMZN.US-24,3032,2026-W22,1,LOW,4,10,4,10,4,9,4,8,4,8
US_EQUITY_EXTENDED_HOURS,AMZN.US-24,3032,2026-W23,-1,HIGH,8,15,8,15,8,15,8,15,8,15
US_EQUITY_EXTENDED_HOURS,AMZN.US-24,3032,2026-W23,-1,LOW,6,16,6,16,6,16,6,16,6,14
US_EQUITY_EXTENDED_HOURS,AMZN.US-24,3032,2026-W23,1,HIGH,9,13,9,13,9,13,9,13,9,13
US_EQUITY_EXTENDED_HOURS,AMZN.US-24,3032,2026-W23,1,LOW,1,22,1,21,1,21,1,21,1,20
US_EQUITY_EXTENDED_HOURS,AMZN.US-24,3032,2026-W24,-1,HIGH,5,9,5,9,5,9,5,9,5,8
US_EQUITY_EXTENDED_HOURS,AMZN.US-24,3032,2026-W24,-1,LOW,2,12,2,12,2,11,2,11,2,10
US_EQUITY_EXTENDED_HOURS,AMZN.US-24,3032,2026-W24,1,HIGH,4,10,4,10,4,10,4,10,4,8
US_EQUITY_EXTENDED_HOURS,AMZN.US-24,3032,2026-W24,1,LOW,7,8,6,8,6,8,6,8,5,8
US_EQUITY_EXTENDED_HOURS,AMZN.US-24,3032,2026-W25,-1,HIGH,4,9,4,8,4,8,4,8,4,8
US_EQUITY_EXTENDED_HOURS,AMZN.US-24,3032,2026-W25,-1,LOW,6,15,6,15,6,15,6,15,4,13
US_EQUITY_EXTENDED_HOURS,AMZN.US-24,3032,2026-W25,1,HIGH,6,10,6,10,6,10,6,9,6,8
US_EQUITY_EXTENDED_HOURS,AMZN.US-24,3032,2026-W25,1,LOW,4,14,4,14,4,14,4,14,4,11
US_EQUITY_EXTENDED_HOURS,AMZN.US-24,3032,2026-W26,-1,HIGH,9,8,9,8,9,8,9,8,9,8
US_EQUITY_EXTENDED_HOURS,AMZN.US-24,3032,2026-W26,-1,LOW,14,19,14,19,14,19,14,19,14,19
US_EQUITY_EXTENDED_HOURS,AMZN.US-24,3032,2026-W26,1,HIGH,3,16,3,16,3,16,3,15,3,15
US_EQUITY_EXTENDED_HOURS,AMZN.US-24,3032,2026-W26,1,LOW,1,31,1,31,1,31,1,31,1,31
US_EQUITY_EXTENDED_HOURS,AMZN.US-24,3032,2026-W27,-1,HIGH,4,15,4,15,4,15,4,15,4,15
US_EQUITY_EXTENDED_HOURS,AMZN.US-24,3032,2026-W27,-1,LOW,4,21,4,21,4,21,4,21,4,21
US_EQUITY_EXTENDED_HOURS,AMZN.US-24,3032,2026-W27,1,HIGH,6,13,6,13,6,13,6,13,6,12
US_EQUITY_EXTENDED_HOURS,AMZN.US-24,3032,2026-W27,1,LOW,7,17,7,17,7,17,7,17,7,17
US_EQUITY_EXTENDED_HOURS,AMZN.US-24,3032,2026-W28,-1,HIGH,4,9,4,9,4,8,4,8,4,7
US_EQUITY_EXTENDED_HOURS,AMZN.US-24,3032,2026-W28,-1,LOW,4,14,4,14,4,14,4,14,1,12
US_EQUITY_EXTENDED_HOURS,AMZN.US-24,3032,2026-W28,1,HIGH,4,8,4,8,4,8,4,8,4,7
US_EQUITY_EXTENDED_HOURS,AMZN.US-24,3032,2026-W28,1,LOW,9,8,9,8,9,8,9,8,7,4
US_EQUITY_EXTENDED_HOURS,AMZN.US-24,3032,2026-W29,-1,HIGH,6,13,6,13,6,13,6,12,6,10
US_EQUITY_EXTENDED_HOURS,AMZN.US-24,3032,2026-W29,-1,LOW,4,14,4,14,4,14,4,14,4,13
US_EQUITY_EXTENDED_HOURS,AMZN.US-24,3032,2026-W29,1,HIGH,8,12,8,12,8,12,7,12,6,12
US_EQUITY_EXTENDED_HOURS,AMZN.US-24,3032,2026-W29,1,LOW,5,14,5,14,5,14,5,14,4,13
US_EQUITY_EXTENDED_HOURS,AMZN.US-24,3032,2026-W30,-1,HIGH,3,4,3,4,3,4,3,4,3,4
US_EQUITY_EXTENDED_HOURS,AMZN.US-24,3032,2026-W30,-1,LOW,5,8,5,7,5,6,5,6,1,4
US_EQUITY_EXTENDED_HOURS,AMZN.US-24,3032,2026-W30,1,HIGH,1,4,1,4,1,4,1,4,1,4
US_EQUITY_EXTENDED_HOURS,AMZN.US-24,3032,2026-W30,1,LOW,1,13,0,12,0,12,0,12,0,4
US_EQUITY_EXTENDED_HOURS,AMZN.US-24,3032,2026-W31,-1,HIGH,6,32,6,32,6,32,6,32,6,29
US_EQUITY_EXTENDED_HOURS,AMZN.US-24,3032,2026-W31,-1,LOW,7,10,7,10,7,10,7,9,7,8
US_EQUITY_EXTENDED_HOURS,AMZN.US-24,3032,2026-W31,1,HIGH,22,12,22,12,22,12,22,12,19,12
US_EQUITY_EXTENDED_HOURS,AMZN.US-24,3032,2026-W31,1,LOW,5,15,5,15,5,15,5,15,4,15
US_EQUITY_EXTENDED_HOURS,AMZN.US-24,3032,2026-W32,-1,HIGH,3,21,3,21,3,21,3,21,3,19
US_EQUITY_EXTENDED_HOURS,AMZN.US-24,3032,2026-W32,-1,LOW,13,23,13,23,13,23,13,23,13,23
US_EQUITY_EXTENDED_HOURS,AMZN.US-24,3032,2026-W32,1,HIGH,7,15,7,14,7,14,7,14,7,12
US_EQUITY_EXTENDED_HOURS,AMZN.US-24,3032,2026-W32,1,LOW,7,29,7,29,7,29,7,29,7,29
US_EQUITY_EXTENDED_HOURS,AMZN.US-24,3032,2026-W33,-1,HIGH,8,4,8,4,8,4,8,4,6,4
US_EQUITY_EXTENDED_HOURS,AMZN.US-24,3032,2026-W33,-1,LOW,1,17,1,17,1,17,1,16,1,16
US_EQUITY_EXTENDED_HOURS,AMZN.US-24,3032,2026-W33,1,HIGH,0,12,0,11,0,11,0,11,0,9
US_EQUITY_EXTENDED_HOURS,AMZN.US-24,3032,2026-W33,1,LOW,1,16,1,15,1,15,1,15,1,15
US_EQUITY_EXTENDED_HOURS,AMZN.US-24,3032,2026-W34,-1,HIGH,12,12,12,12,12,12,11,12,10,12
US_EQUITY_EXTENDED_HOURS,AMZN.US-24,3032,2026-W34,-1,LOW,4,21,4,21,4,21,4,21,4,21
US_EQUITY_EXTENDED_HOURS,AMZN.US-24,3032,2026-W34,1,HIGH,6,19,6,19,6,19,6,19,6,17
US_EQUITY_EXTENDED_HOURS,AMZN.US-24,3032,2026-W34,1,LOW,5,21,5,21,5,21,5,21,5,21
US_EQUITY_EXTENDED_HOURS,AMZN.US-24,3032,2026-W35,-1,HIGH,5,8,5,8,5,8,5,8,5,5
US_EQUITY_EXTENDED_HOURS,AMZN.US-24,3032,2026-W35,-1,LOW,5,14,5,14,5,14,5,13,5,11
US_EQUITY_EXTENDED_HOURS,AMZN.US-24,3032,2026-W35,1,HIGH,5,8,5,8,5,8,5,7,2,6
US_EQUITY_EXTENDED_HOURS,AMZN.US-24,3032,2026-W35,1,LOW,1,17,1,17,1,17,1,17,1,14
US_EQUITY_EXTENDED_HOURS,AMZN.US-24,3032,2026-W36,-1,HIGH,4,11,4,11,4,11,3,10,2,10
US_EQUITY_EXTENDED_HOURS,AMZN.US-24,3032,2026-W36,-1,LOW,2,14,2,14,2,14,2,14,2,14
US_EQUITY_EXTENDED_HOURS,AMZN.US-24,3032,2026-W36,1,HIGH,7,8,7,8,7,7,7,7,7,5
US_EQUITY_EXTENDED_HOURS,AMZN.US-24,3032,2026-W36,1,LOW,10,7,10,7,10,7,10,7,10,7
US_EQUITY_EXTENDED_HOURS,AMZN.US-24,3032,2026-W37,-1,HIGH,0,5,0,5,0,5,0,5,0,5
US_EQUITY_EXTENDED_HOURS,AMZN.US-24,3032,2026-W37,-1,LOW,2,3,2,3,2,3,2,3,2,2
US_EQUITY_EXTENDED_HOURS,AMZN.US-24,3032,2026-W37,1,HIGH,0,4,0,4,0,4,0,4,0,4
US_EQUITY_EXTENDED_HOURS,AMZN.US-24,3032,2026-W37,1,LOW,1,5,1,5,1,5,0,5,0,4
US_EQUITY_EXTENDED_HOURS,AMZN.US-24,3032,2026-W38,-1,HIGH,6,1,6,1,6,1,6,1,3,1
US_EQUITY_EXTENDED_HOURS,AMZN.US-24,3032,2026-W38,-1,LOW,3,3,3,3,3,3,3,3,0,2
US_EQUITY_EXTENDED_HOURS,AMZN.US-24,3032,2026-W38,1,HIGH,0,7,0,7,0,7,0,7,0,2
US_EQUITY_EXTENDED_HOURS,AMZN.US-24,3032,2026-W38,1,LOW,0,5,0,5,0,4,0,4,0,3
US_EQUITY_EXTENDED_HOURS,AVGO.US-24,5403,2025-W38,-1,HIGH,2,2,2,2,2,2,2,2,1,2
US_EQUITY_EXTENDED_HOURS,AVGO.US-24,5403,2025-W38,-1,LOW,1,1,1,1,1,1,1,1,0,1
US_EQUITY_EXTENDED_HOURS,AVGO.US-24,5403,2025-W38,1,HIGH,0,5,0,5,0,5,0,5,0,3
US_EQUITY_EXTENDED_HOURS,AVGO.US-24,5403,2025-W38,1,LOW,0,1,0,1,0,0,0,0,0,0
US_EQUITY_EXTENDED_HOURS,AVGO.US-24,5403,2025-W39,-1,LOW,1,6,1,6,1,6,0,5,0,2
US_EQUITY_EXTENDED_HOURS,AVGO.US-24,5403,2025-W39,1,LOW,0,11,0,10,0,10,0,7,0,3
US_EQUITY_EXTENDED_HOURS,AVGO.US-24,5403,2025-W40,-1,HIGH,4,0,4,0,4,0,4,0,2,0
US_EQUITY_EXTENDED_HOURS,AVGO.US-24,5403,2025-W40,-1,LOW,3,5,3,5,3,5,3,5,2,1
US_EQUITY_EXTENDED_HOURS,AVGO.US-24,5403,2025-W40,1,HIGH,0,6,0,6,0,6,0,5,0,3
US_EQUITY_EXTENDED_HOURS,AVGO.US-24,5403,2025-W40,1,LOW,2,5,2,5,2,5,2,3,1,1
US_EQUITY_EXTENDED_HOURS,AVGO.US-24,5403,2025-W41,-1,HIGH,2,6,2,6,2,5,2,4,2,4
US_EQUITY_EXTENDED_HOURS,AVGO.US-24,5403,2025-W41,-1,LOW,3,7,3,7,3,7,3,7,3,6
US_EQUITY_EXTENDED_HOURS,AVGO.US-24,5403,2025-W41,1,HIGH,2,4,2,4,2,4,2,4,2,4
US_EQUITY_EXTENDED_HOURS,AVGO.US-24,5403,2025-W41,1,LOW,3,8,2,8,2,8,2,8,2,8
US_EQUITY_EXTENDED_HOURS,AVGO.US-24,5403,2025-W42,-1,HIGH,5,5,5,5,5,5,5,5,4,4
US_EQUITY_EXTENDED_HOURS,AVGO.US-24,5403,2025-W42,-1,LOW,3,12,3,12,3,11,3,11,3,10
US_EQUITY_EXTENDED_HOURS,AVGO.US-24,5403,2025-W42,1,HIGH,2,9,2,9,2,9,2,9,2,8
US_EQUITY_EXTENDED_HOURS,AVGO.US-24,5403,2025-W42,1,LOW,7,9,7,8,6,8,6,8,6,7
US_EQUITY_EXTENDED_HOURS,AVGO.US-24,5403,2025-W43,-1,HIGH,2,4,2,4,2,4,2,3,1,1
US_EQUITY_EXTENDED_HOURS,AVGO.US-24,5403,2025-W43,-1,LOW,0,4,0,4,0,4,0,3,0,3
US_EQUITY_EXTENDED_HOURS,AVGO.US-24,5403,2025-W43,1,HIGH,3,4,3,3,3,3,3,3,1,2
US_EQUITY_EXTENDED_HOURS,AVGO.US-24,5403,2025-W43,1,LOW,0,6,0,6,0,6,0,6,0,4
US_EQUITY_EXTENDED_HOURS,AVGO.US-24,5403,2025-W44,-1,HIGH,2,12,2,12,2,12,1,11,0,9
US_EQUITY_EXTENDED_HOURS,AVGO.US-24,5403,2025-W44,-1,LOW,0,10,0,10,0,10,0,10,0,10
US_EQUITY_EXTENDED_HOURS,AVGO.US-24,5403,2025-W44,1,HIGH,4,7,4,7,4,7,4,7,1,5
US_EQUITY_EXTENDED_HOURS,AVGO.US-24,5403,2025-W44,1,LOW,3,6,3,6,3,6,3,6,3,6
US_EQUITY_EXTENDED_HOURS,AVGO.US-24,5403,2025-W45,-1,HIGH,8,12,8,12,8,12,8,12,6,11
US_EQUITY_EXTENDED_HOURS,AVGO.US-24,5403,2025-W45,-1,LOW,2,4,2,4,2,4,2,4,2,1
US_EQUITY_EXTENDED_HOURS,AVGO.US-24,5403,2025-W45,1,HIGH,5,20,5,19,5,19,4,19,3,16
US_EQUITY_EXTENDED_HOURS,AVGO.US-24,5403,2025-W45,1,LOW,0,5,0,5,0,5,0,5,0,3
US_EQUITY_EXTENDED_HOURS,AVGO.US-24,5403,2025-W46,-1,HIGH,2,7,2,7,2,6,2,6,1,4
US_EQUITY_EXTENDED_HOURS,AVGO.US-24,5403,2025-W46,-1,LOW,3,2,3,2,3,2,3,2,2,1
US_EQUITY_EXTENDED_HOURS,AVGO.US-24,5403,2025-W46,1,HIGH,1,9,1,9,1,9,1,8,0,7
US_EQUITY_EXTENDED_HOURS,AVGO.US-24,5403,2025-W46,1,LOW,0,4,0,3,0,3,0,3,0,3
US_EQUITY_EXTENDED_HOURS,AVGO.US-24,5403,2025-W47,-1,HIGH,6,5,6,5,6,5,6,5,5,4
US_EQUITY_EXTENDED_HOURS,AVGO.US-24,5403,2025-W47,-1,LOW,3,4,3,4,3,4,3,4,3,4
US_EQUITY_EXTENDED_HOURS,AVGO.US-24,5403,2025-W47,1,HIGH,0,11,0,11,0,11,0,11,0,10
US_EQUITY_EXTENDED_HOURS,AVGO.US-24,5403,2025-W47,1,LOW,1,8,1,8,1,8,1,8,1,8
US_EQUITY_EXTENDED_HOURS,AVGO.US-24,5403,2025-W48,-1,HIGH,2,5,2,5,2,5,2,5,2,5
US_EQUITY_EXTENDED_HOURS,AVGO.US-24,5403,2025-W48,-1,LOW,0,23,0,22,0,22,0,22,0,21
US_EQUITY_EXTENDED_HOURS,AVGO.US-24,5403,2025-W48,1,HIGH,5,4,5,4,5,4,5,4,5,4
US_EQUITY_EXTENDED_HOURS,AVGO.US-24,5403,2025-W48,1,LOW,10,9,10,9,10,9,10,9,8,9
US_EQUITY_EXTENDED_HOURS,AVGO.US-24,5403,2025-W49,-1,HIGH,5,9,5,9,5,9,5,9,5,7
US_EQUITY_EXTENDED_HOURS,AVGO.US-24,5403,2025-W49,-1,LOW,2,21,2,21,2,21,2,19,2,16
US_EQUITY_EXTENDED_HOURS,AVGO.US-24,5403,2025-W49,1,HIGH,6,12,6,12,6,12,6,12,3,12
US_EQUITY_EXTENDED_HOURS,AVGO.US-24,5403,2025-W49,1,LOW,6,17,6,16,6,16,5,15,5,12
US_EQUITY_EXTENDED_HOURS,AVGO.US-24,5403,2025-W50,-1,HIGH,6,13,6,13,6,12,6,12,5,11
US_EQUITY_EXTENDED_HOURS,AVGO.US-24,5403,2025-W50,-1,LOW,4,7,4,7,4,7,4,7,4,7
US_EQUITY_EXTENDED_HOURS,AVGO.US-24,5403,2025-W50,1,HIGH,5,15,5,15,4,15,4,15,3,13
US_EQUITY_EXTENDED_HOURS,AVGO.US-24,5403,2025-W50,1,LOW,1,10,1,10,1,10,1,9,1,9
US_EQUITY_EXTENDED_HOURS,AVGO.US-24,5403,2025-W51,-1,HIGH,2,19,2,19,2,19,2,19,2,14
US_EQUITY_EXTENDED_HOURS,AVGO.US-24,5403,2025-W51,-1,LOW,7,16,7,16,7,16,7,16,7,16
US_EQUITY_EXTENDED_HOURS,AVGO.US-24,5403,2025-W51,1,HIGH,11,9,11,9,11,9,10,9,8,8
US_EQUITY_EXTENDED_HOURS,AVGO.US-24,5403,2025-W51,1,LOW,8,14,8,14,8,14,8,14,8,14
US_EQUITY_EXTENDED_HOURS,AVGO.US-24,5403,2025-W52,-1,HIGH,1,10,1,10,1,9,1,8,1,3
US_EQUITY_EXTENDED_HOURS,AVGO.US-24,5403,2025-W52,-1,LOW,2,8,2,8,2,8,2,8,2,8
US_EQUITY_EXTENDED_HOURS,AVGO.US-24,5403,2025-W52,1,HIGH,3,5,3,5,3,5,2,5,0,4
US_EQUITY_EXTENDED_HOURS,AVGO.US-24,5403,2025-W52,1,LOW,0,9,0,9,0,9,0,9,0,9
US_EQUITY_EXTENDED_HOURS,AVGO.US-24,5403,2026-W01,-1,HIGH,3,1,3,1,3,1,2,1,0,0
US_EQUITY_EXTENDED_HOURS,AVGO.US-24,5403,2026-W01,-1,LOW,0,6,0,6,0,5,0,5,0,3
US_EQUITY_EXTENDED_HOURS,AVGO.US-24,5403,2026-W01,1,HIGH,0,3,0,2,0,2,0,1,0,0
US_EQUITY_EXTENDED_HOURS,AVGO.US-24,5403,2026-W01,1,LOW,0,5,0,4,0,4,0,4,0,3
US_EQUITY_EXTENDED_HOURS,AVGO.US-24,5403,2026-W02,-1,HIGH,3,11,3,11,3,9,3,9,3,6
US_EQUITY_EXTENDED_HOURS,AVGO.US-24,5403,2026-W02,-1,LOW,2,15,2,15,2,15,2,15,2,15
US_EQUITY_EXTENDED_HOURS,AVGO.US-24,5403,2026-W02,1,HIGH,4,13,4,12,4,12,4,12,3,9
US_EQUITY_EXTENDED_HOURS,AVGO.US-24,5403,2026-W02,1,LOW,2,9,2,9,2,9,2,9,2,9
US_EQUITY_EXTENDED_HOURS,AVGO.US-24,5403,2026-W03,-1,HIGH,1,20,1,19,1,19,1,18,1,17
US_EQUITY_EXTENDED_HOURS,AVGO.US-24,5403,2026-W03,-1,LOW,3,16,3,16,3,16,3,16,3,16
US_EQUITY_EXTENDED_HOURS,AVGO.US-24,5403,2026-W03,1,HIGH,5,12,5,12,5,12,5,12,5,9
US_EQUITY_EXTENDED_HOURS,AVGO.US-24,5403,2026-W03,1,LOW,5,16,5,16,5,16,5,16,5,16
US_EQUITY_EXTENDED_HOURS,AVGO.US-24,5403,2026-W04,-1,HIGH,6,9,6,9,6,9,6,9,6,8
US_EQUITY_EXTENDED_HOURS,AVGO.US-24,5403,2026-W04,-1,LOW,3,12,3,12,3,12,3,12,2,12
US_EQUITY_EXTENDED_HOURS,AVGO.US-24,5403,2026-W04,1,HIGH,1,17,1,17,1,17,1,17,1,15
US_EQUITY_EXTENDED_HOURS,AVGO.US-24,5403,2026-W04,1,LOW,3,10,3,10,3,10,3,9,3,9
US_EQUITY_EXTENDED_HOURS,AVGO.US-24,5403,2026-W05,-1,HIGH,5,22,5,21,5,21,5,21,5,18
US_EQUITY_EXTENDED_HOURS,AVGO.US-24,5403,2026-W05,-1,LOW,4,12,4,12,4,12,4,12,4,12
US_EQUITY_EXTENDED_HOURS,AVGO.US-24,5403,2026-W05,1,HIGH,10,20,10,20,10,20,10,19,7,18
US_EQUITY_EXTENDED_HOURS,AVGO.US-24,5403,2026-W05,1,LOW,4,10,4,10,4,10,4,10,4,10
US_EQUITY_EXTENDED_HOURS,AVGO.US-24,5403,2026-W06,-1,HIGH,2,10,2,10,2,10,2,10,2,9
US_EQUITY_EXTENDED_HOURS,AVGO.US-24,5403,2026-W06,-1,LOW,2,21,2,20,2,20,2,18,2,17
US_EQUITY_EXTENDED_HOURS,AVGO.US-24,5403,2026-W06,1,HIGH,3,10,3,10,3,10,3,10,2,10
US_EQUITY_EXTENDED_HOURS,AVGO.US-24,5403,2026-W06,1,LOW,8,16,8,16,7,16,7,16,6,16
US_EQUITY_EXTENDED_HOURS,AVGO.US-24,5403,2026-W07,-1,HIGH,6,8,5,8,5,8,4,8,3,4
US_EQUITY_EXTENDED_HOURS,AVGO.US-24,5403,2026-W07,-1,LOW,0,7,0,7,0,6,0,6,0,3
US_EQUITY_EXTENDED_HOURS,AVGO.US-24,5403,2026-W07,1,HIGH,2,10,2,10,2,9,2,9,1,6
US_EQUITY_EXTENDED_HOURS,AVGO.US-24,5403,2026-W07,1,LOW,2,7,2,6,2,6,1,5,0,4
US_EQUITY_EXTENDED_HOURS,AVGO.US-24,5403,2026-W08,-1,HIGH,0,2,0,2,0,2,0,2,0,0
US_EQUITY_EXTENDED_HOURS,AVGO.US-24,5403,2026-W08,-1,LOW,0,1,0,0,0,0,0,0,0,0
US_EQUITY_EXTENDED_HOURS,AVGO.US-24,5403,2026-W08,1,HIGH,0,1,0,1,0,1,0,1,0,0
US_EQUITY_EXTENDED_HOURS,AVGO.US-24,5403,2026-W09,-1,HIGH,3,7,3,7,3,7,3,7,2,7
US_EQUITY_EXTENDED_HOURS,AVGO.US-24,5403,2026-W09,-1,LOW,3,5,3,5,3,4,3,4,3,3
US_EQUITY_EXTENDED_HOURS,AVGO.US-24,5403,2026-W09,1,HIGH,1,11,1,11,1,11,1,10,1,9
US_EQUITY_EXTENDED_HOURS,AVGO.US-24,5403,2026-W09,1,LOW,1,6,1,6,1,6,1,6,0,6
US_EQUITY_EXTENDED_HOURS,AVGO.US-24,5403,2026-W10,-1,HIGH,1,19,1,19,1,19,1,19,1,17
US_EQUITY_EXTENDED_HOURS,AVGO.US-24,5403,2026-W10,-1,LOW,1,8,1,7,1,7,1,7,1,5
US_EQUITY_EXTENDED_HOURS,AVGO.US-24,5403,2026-W10,1,HIGH,8,13,8,13,8,12,8,12,6,11
US_EQUITY_EXTENDED_HOURS,AVGO.US-24,5403,2026-W10,1,LOW,5,3,4,3,4,3,4,3,3,3
US_EQUITY_EXTENDED_HOURS,AVGO.US-24,5403,2026-W11,-1,HIGH,4,7,4,7,4,7,3,7,0,4
US_EQUITY_EXTENDED_HOURS,AVGO.US-24,5403,2026-W11,-1,LOW,4,9,4,9,3,9,3,8,3,7
US_EQUITY_EXTENDED_HOURS,AVGO.US-24,5403,2026-W11,1,HIGH,3,7,3,7,3,6,3,5,2,2
US_EQUITY_EXTENDED_HOURS,AVGO.US-24,5403,2026-W11,1,LOW,1,13,1,13,1,13,1,13,1,11
US_EQUITY_EXTENDED_HOURS,AVGO.US-24,5403,2026-W12,-1,HIGH,4,3,4,3,4,3,4,3,3,1
US_EQUITY_EXTENDED_HOURS,AVGO.US-24,5403,2026-W12,-1,LOW,2,3,2,3,2,3,2,3,2,2
US_EQUITY_EXTENDED_HOURS,AVGO.US-24,5403,2026-W12,1,HIGH,3,5,3,5,2,5,2,4,1,3
US_EQUITY_EXTENDED_HOURS,AVGO.US-24,5403,2026-W12,1,LOW,0,4,0,4,0,4,0,4,0,4
US_EQUITY_EXTENDED_HOURS,AVGO.US-24,5403,2026-W13,-1,HIGH,4,3,4,3,4,3,4,3,0,2
US_EQUITY_EXTENDED_HOURS,AVGO.US-24,5403,2026-W13,-1,LOW,0,1,0,1,0,1,0,1,0,1
US_EQUITY_EXTENDED_HOURS,AVGO.US-24,5403,2026-W13,1,HIGH,2,6,2,6,2,6,2,5,2,1
US_EQUITY_EXTENDED_HOURS,AVGO.US-24,5403,2026-W14,-1,HIGH,1,2,1,2,1,2,1,2,1,2
US_EQUITY_EXTENDED_HOURS,AVGO.US-24,5403,2026-W14,-1,LOW,0,5,0,4,0,4,0,3,0,0
US_EQUITY_EXTENDED_HOURS,AVGO.US-24,5403,2026-W14,1,HIGH,1,2,1,2,1,2,1,2,0,1
US_EQUITY_EXTENDED_HOURS,AVGO.US-24,5403,2026-W14,1,LOW,3,1,3,1,2,1,1,1,0,0
US_EQUITY_EXTENDED_HOURS,AVGO.US-24,5403,2026-W15,-1,HIGH,0,17,0,17,0,17,0,17,0,14
US_EQUITY_EXTENDED_HOURS,AVGO.US-24,5403,2026-W15,-1,LOW,2,13,2,13,2,13,1,13,1,13
US_EQUITY_EXTENDED_HOURS,AVGO.US-24,5403,2026-W15,1,HIGH,9,6,9,6,9,6,9,6,7,5
US_EQUITY_EXTENDED_HOURS,AVGO.US-24,5403,2026-W15,1,LOW,10,6,10,6,10,6,10,6,10,5
US_EQUITY_EXTENDED_HOURS,AVGO.US-24,5403,2026-W16,-1,HIGH,1,13,1,13,1,13,1,13,1,12
US_EQUITY_EXTENDED_HOURS,AVGO.US-24,5403,2026-W16,-1,LOW,3,15,3,15,3,14,3,14,3,10
US_EQUITY_EXTENDED_HOURS,AVGO.US-24,5403,2026-W16,1,HIGH,11,5,11,5,11,5,11,5,10,5
US_EQUITY_EXTENDED_HOURS,AVGO.US-24,5403,2026-W16,1,LOW,5,12,5,12,5,12,5,11,2,10
US_EQUITY_EXTENDED_HOURS,AVGO.US-24,5403,2026-W17,-1,HIGH,3,10,3,10,3,9,3,7,2,5
US_EQUITY_EXTENDED_HOURS,AVGO.US-24,5403,2026-W17,-1,LOW,2,8,2,8,2,7,2,6,2,6
US_EQUITY_EXTENDED_HOURS,AVGO.US-24,5403,2026-W17,1,HIGH,6,6,5,6,5,6,4,6,2,4
US_EQUITY_EXTENDED_HOURS,AVGO.US-24,5403,2026-W17,1,LOW,3,10,2,10,2,10,2,10,2,8
US_EQUITY_EXTENDED_HOURS,AVGO.US-24,5403,2026-W18,-1,HIGH,5,16,5,16,5,16,5,15,4,15
US_EQUITY_EXTENDED_HOURS,AVGO.US-24,5403,2026-W18,-1,LOW,0,15,0,15,0,14,0,14,0,13
US_EQUITY_EXTENDED_HOURS,AVGO.US-24,5403,2026-W18,1,HIGH,7,10,7,10,7,10,7,10,7,9
US_EQUITY_EXTENDED_HOURS,AVGO.US-24,5403,2026-W18,1,LOW,7,8,7,8,7,8,7,8,6,7
US_EQUITY_EXTENDED_HOURS,AVGO.US-24,5403,2026-W19,-1,HIGH,6,7,6,7,6,7,6,7,6,5
US_EQUITY_EXTENDED_HOURS,AVGO.US-24,5403,2026-W19,-1,LOW,3,18,3,18,3,17,3,16,3,16
US_EQUITY_EXTENDED_HOURS,AVGO.US-24,5403,2026-W19,1,HIGH,3,13,3,13,3,13,2,13,1,13
US_EQUITY_EXTENDED_HOURS,AVGO.US-24,5403,2026-W19,1,LOW,9,8,9,8,9,8,9,7,9,6
US_EQUITY_EXTENDED_HOURS,AVGO.US-24,5403,2026-W20,-1,HIGH,5,13,5,13,5,13,5,13,5,11
US_EQUITY_EXTENDED_HOURS,AVGO.US-24,5403,2026-W20,-1,LOW,6,21,6,21,6,21,5,20,5,17
US_EQUITY_EXTENDED_HOURS,AVGO.US-24,5403,2026-W20,1,HIGH,5,14,5,14,5,14,5,14,5,13
US_EQUITY_EXTENDED_HOURS,AVGO.US-24,5403,2026-W20,1,LOW,7,16,7,16,7,16,7,15,7,12
US_EQUITY_EXTENDED_HOURS,AVGO.US-24,5403,2026-W21,-1,HIGH,8,8,8,7,8,7,8,7,5,7
US_EQUITY_EXTENDED_HOURS,AVGO.US-24,5403,2026-W21,-1,LOW,3,13,3,13,3,13,3,13,1,11
US_EQUITY_EXTENDED_HOURS,AVGO.US-24,5403,2026-W21,1,HIGH,1,14,1,14,1,14,1,14,1,12
US_EQUITY_EXTENDED_HOURS,AVGO.US-24,5403,2026-W21,1,LOW,1,15,1,15,1,15,1,14,1,10
US_EQUITY_EXTENDED_HOURS,AVGO.US-24,5403,2026-W22,-1,HIGH,7,12,7,12,7,12,7,12,7,10
US_EQUITY_EXTENDED_HOURS,AVGO.US-24,5403,2026-W22,-1,LOW,0,10,0,10,0,10,0,9,0,9
US_EQUITY_EXTENDED_HOURS,AVGO.US-24,5403,2026-W22,1,HIGH,6,14,6,14,6,14,6,14,5,12
US_EQUITY_EXTENDED_HOURS,AVGO.US-24,5403,2026-W22,1,LOW,5,7,5,7,5,7,5,7,5,7
US_EQUITY_EXTENDED_HOURS,AVGO.US-24,5403,2026-W23,-1,HIGH,5,20,5,20,5,20,5,20,5,20
US_EQUITY_EXTENDED_HOURS,AVGO.US-24,5403,2026-W23,-1,LOW,8,13,8,13,8,13,7,13,6,13
US_EQUITY_EXTENDED_HOURS,AVGO.US-24,5403,2026-W23,1,HIGH,13,14,13,14,13,14,13,14,13,12
US_EQUITY_EXTENDED_HOURS,AVGO.US-24,5403,2026-W23,1,LOW,2,16,2,16,2,16,2,16,2,16
US_EQUITY_EXTENDED_HOURS,AVGO.US-24,5403,2026-W24,-1,HIGH,7,18,7,18,7,18,7,18,5,17
US_EQUITY_EXTENDED_HOURS,AVGO.US-24,5403,2026-W24,-1,LOW,5,17,5,17,5,17,5,17,5,17
US_EQUITY_EXTENDED_HOURS,AVGO.US-24,5403,2026-W24,1,HIGH,5,18,5,18,5,18,5,18,5,15
US_EQUITY_EXTENDED_HOURS,AVGO.US-24,5403,2026-W24,1,LOW,10,14,10,14,10,14,10,13,10,13
US_EQUITY_EXTENDED_HOURS,AVGO.US-24,5403,2026-W25,-1,HIGH,4,9,4,9,4,9,4,9,4,9
US_EQUITY_EXTENDED_HOURS,AVGO.US-24,5403,2026-W25,-1,LOW,2,18,2,18,2,17,2,17,2,14
US_EQUITY_EXTENDED_HOURS,AVGO.US-24,5403,2026-W25,1,HIGH,6,6,6,6,6,6,6,6,6,6
US_EQUITY_EXTENDED_HOURS,AVGO.US-24,5403,2026-W25,1,LOW,4,15,4,15,4,15,3,15,2,14
US_EQUITY_EXTENDED_HOURS,AVGO.US-24,5403,2026-W26,-1,HIGH,16,14,16,14,16,14,15,14,15,13
US_EQUITY_EXTENDED_HOURS,AVGO.US-24,5403,2026-W26,-1,LOW,7,17,7,17,7,17,7,17,7,17
US_EQUITY_EXTENDED_HOURS,AVGO.US-24,5403,2026-W26,1,HIGH,5,26,5,26,5,26,5,26,5,24
US_EQUITY_EXTENDED_HOURS,AVGO.US-24,5403,2026-W26,1,LOW,6,15,6,15,6,15,6,15,6,15
US_EQUITY_EXTENDED_HOURS,AVGO.US-24,5403,2026-W27,-1,HIGH,8,11,8,11,8,11,8,11,8,11
US_EQUITY_EXTENDED_HOURS,AVGO.US-24,5403,2026-W27,-1,LOW,7,13,7,13,7,12,7,11,7,10
US_EQUITY_EXTENDED_HOURS,AVGO.US-24,5403,2026-W27,1,HIGH,5,13,5,13,5,13,5,13,5,13
US_EQUITY_EXTENDED_HOURS,AVGO.US-24,5403,2026-W27,1,LOW,2,20,2,19,2,19,2,18,2,17
US_EQUITY_EXTENDED_HOURS,AVGO.US-24,5403,2026-W28,-1,HIGH,2,17,2,17,2,17,2,17,2,17
US_EQUITY_EXTENDED_HOURS,AVGO.US-24,5403,2026-W28,-1,LOW,5,19,5,18,5,18,5,18,5,17
US_EQUITY_EXTENDED_HOURS,AVGO.US-24,5403,2026-W28,1,HIGH,6,12,6,12,6,12,6,12,6,12
US_EQUITY_EXTENDED_HOURS,AVGO.US-24,5403,2026-W28,1,LOW,9,16,9,16,9,16,9,15,9,15
US_EQUITY_EXTENDED_HOURS,AVGO.US-24,5403,2026-W29,-1,HIGH,9,13,9,13,9,13,9,12,9,11
US_EQUITY_EXTENDED_HOURS,AVGO.US-24,5403,2026-W29,-1,LOW,3,14,3,14,3,14,3,14,3,14
US_EQUITY_EXTENDED_HOURS,AVGO.US-24,5403,2026-W29,1,HIGH,7,15,7,15,7,15,7,15,6,15
US_EQUITY_EXTENDED_HOURS,AVGO.US-24,5403,2026-W29,1,LOW,5,12,5,12,5,12,5,12,5,12
US_EQUITY_EXTENDED_HOURS,AVGO.US-24,5403,2026-W30,-1,HIGH,5,17,5,17,5,17,5,17,4,17
US_EQUITY_EXTENDED_HOURS,AVGO.US-24,5403,2026-W30,-1,LOW,8,19,8,19,8,19,8,19,8,19
US_EQUITY_EXTENDED_HOURS,AVGO.US-24,5403,2026-W30,1,HIGH,5,15,5,15,5,15,5,15,5,14
US_EQUITY_EXTENDED_HOURS,AVGO.US-24,5403,2026-W30,1,LOW,9,20,9,20,9,20,9,20,9,20
US_EQUITY_EXTENDED_HOURS,AVGO.US-24,5403,2026-W31,-1,HIGH,6,18,6,18,6,18,6,18,6,16
US_EQUITY_EXTENDED_HOURS,AVGO.US-24,5403,2026-W31,-1,LOW,6,14,6,14,6,14,6,14,6,14
US_EQUITY_EXTENDED_HOURS,AVGO.US-24,5403,2026-W31,1,HIGH,4,20,4,20,4,20,4,20,4,18
US_EQUITY_EXTENDED_HOURS,AVGO.US-24,5403,2026-W31,1,LOW,5,15,5,15,5,15,5,15,5,15
US_EQUITY_EXTENDED_HOURS,AVGO.US-24,5403,2026-W32,-1,HIGH,3,14,3,14,3,14,3,14,3,14
US_EQUITY_EXTENDED_HOURS,AVGO.US-24,5403,2026-W32,-1,LOW,0,21,0,20,0,20,0,20,0,19
US_EQUITY_EXTENDED_HOURS,AVGO.US-24,5403,2026-W32,1,HIGH,7,8,7,8,7,8,7,8,7,8
US_EQUITY_EXTENDED_HOURS,AVGO.US-24,5403,2026-W32,1,LOW,9,13,9,13,9,13,9,13,8,13
US_EQUITY_EXTENDED_HOURS,AVGO.US-24,5403,2026-W33,-1,HIGH,4,2,3,2,3,2,3,2,3,2
US_EQUITY_EXTENDED_HOURS,AVGO.US-24,5403,2026-W33,-1,LOW,5,2,5,2,5,2,5,2,4,0
US_EQUITY_EXTENDED_HOURS,AVGO.US-24,5403,2026-W33,1,HIGH,0,3,0,3,0,3,0,3,0,2
US_EQUITY_EXTENDED_HOURS,AVGO.US-24,5403,2026-W33,1,LOW,0,9,0,9,0,9,0,8,0,5
US_EQUITY_EXTENDED_HOURS,AVGO.US-24,5403,2026-W34,-1,HIGH,11,13,11,13,11,13,11,13,11,12
US_EQUITY_EXTENDED_HOURS,AVGO.US-24,5403,2026-W34,-1,LOW,8,23,8,23,8,23,8,23,8,23
US_EQUITY_EXTENDED_HOURS,AVGO.US-24,5403,2026-W34,1,HIGH,4,24,4,24,4,24,4,24,2,24
US_EQUITY_EXTENDED_HOURS,AVGO.US-24,5403,2026-W34,1,LOW,11,19,11,19,11,19,11,19,11,19
US_EQUITY_EXTENDED_HOURS,AVGO.US-24,5403,2026-W35,-1,HIGH,5,15,4,15,4,15,4,15,2,15
US_EQUITY_EXTENDED_HOURS,AVGO.US-24,5403,2026-W35,-1,LOW,2,14,2,14,2,13,2,13,1,13
US_EQUITY_EXTENDED_HOURS,AVGO.US-24,5403,2026-W35,1,HIGH,6,14,6,14,6,14,6,14,6,10
US_EQUITY_EXTENDED_HOURS,AVGO.US-24,5403,2026-W35,1,LOW,5,9,5,9,5,9,5,9,5,9
US_EQUITY_EXTENDED_HOURS,AVGO.US-24,5403,2026-W36,-1,HIGH,9,17,9,17,9,17,9,17,8,17
US_EQUITY_EXTENDED_HOURS,AVGO.US-24,5403,2026-W36,-1,LOW,5,21,5,21,5,21,5,21,4,21
US_EQUITY_EXTENDED_HOURS,AVGO.US-24,5403,2026-W36,1,HIGH,1,25,1,25,1,25,1,24,1,24
US_EQUITY_EXTENDED_HOURS,AVGO.US-24,5403,2026-W36,1,LOW,7,18,7,18,7,18,7,18,7,16
US_EQUITY_EXTENDED_HOURS,AVGO.US-24,5403,2026-W37,-1,HIGH,3,12,3,12,3,12,3,12,3,9
US_EQUITY_EXTENDED_HOURS,AVGO.US-24,5403,2026-W37,-1,LOW,5,8,5,8,5,8,5,8,4,7
US_EQUITY_EXTENDED_HOURS,AVGO.US-24,5403,2026-W37,1,HIGH,3,8,3,8,3,8,3,8,3,5
US_EQUITY_EXTENDED_HOURS,AVGO.US-24,5403,2026-W37,1,LOW,4,12,3,12,3,12,3,12,3,11
US_EQUITY_EXTENDED_HOURS,AVGO.US-24,5403,2026-W38,-1,HIGH,3,4,3,4,3,4,3,4,2,4
US_EQUITY_EXTENDED_HOURS,AVGO.US-24,5403,2026-W38,-1,LOW,3,11,3,11,3,11,3,11,3,11
US_EQUITY_EXTENDED_HOURS,AVGO.US-24,5403,2026-W38,1,HIGH,2,5,2,5,2,5,2,5,2,3
US_EQUITY_EXTENDED_HOURS,AVGO.US-24,5403,2026-W38,1,LOW,4,10,4,10,4,10,4,10,4,10
US_EQUITY_EXTENDED_HOURS,META.US-24,3019,2025-W40,-1,HIGH,5,6,5,6,5,6,4,6,2,6
US_EQUITY_EXTENDED_HOURS,META.US-24,3019,2025-W40,-1,LOW,2,14,2,14,2,14,2,14,2,14
US_EQUITY_EXTENDED_HOURS,META.US-24,3019,2025-W40,1,HIGH,2,9,2,9,2,9,2,9,2,7
US_EQUITY_EXTENDED_HOURS,META.US-24,3019,2025-W40,1,LOW,7,8,7,8,7,8,7,8,7,8
US_EQUITY_EXTENDED_HOURS,META.US-24,3019,2025-W41,-1,HIGH,3,11,3,11,3,11,3,11,1,11
US_EQUITY_EXTENDED_HOURS,META.US-24,3019,2025-W41,-1,LOW,1,9,1,9,1,9,0,9,0,7
US_EQUITY_EXTENDED_HOURS,META.US-24,3019,2025-W41,1,HIGH,9,4,9,4,9,4,9,4,9,2
US_EQUITY_EXTENDED_HOURS,META.US-24,3019,2025-W41,1,LOW,4,6,4,6,4,6,4,5,3,2
US_EQUITY_EXTENDED_HOURS,META.US-24,3019,2025-W42,-1,HIGH,5,13,5,12,4,12,3,11,3,9
US_EQUITY_EXTENDED_HOURS,META.US-24,3019,2025-W42,-1,LOW,1,10,1,10,1,10,1,8,1,6
US_EQUITY_EXTENDED_HOURS,META.US-24,3019,2025-W42,1,HIGH,6,10,6,10,5,10,5,9,5,7
US_EQUITY_EXTENDED_HOURS,META.US-24,3019,2025-W42,1,LOW,6,8,6,8,6,7,6,7,4,5
US_EQUITY_EXTENDED_HOURS,META.US-24,3019,2025-W43,-1,HIGH,1,4,1,4,1,4,1,4,1,2
US_EQUITY_EXTENDED_HOURS,META.US-24,3019,2025-W43,-1,LOW,2,4,2,4,2,4,2,3,1,0
US_EQUITY_EXTENDED_HOURS,META.US-24,3019,2025-W43,1,HIGH,3,2,3,2,3,2,3,2,2,1
US_EQUITY_EXTENDED_HOURS,META.US-24,3019,2025-W43,1,LOW,2,7,2,7,2,5,2,5,0,2
US_EQUITY_EXTENDED_HOURS,META.US-24,3019,2025-W44,-1,HIGH,10,14,10,14,10,14,10,14,10,14
US_EQUITY_EXTENDED_HOURS,META.US-24,3019,2025-W44,-1,LOW,4,25,4,25,3,25,2,25,1,25
US_EQUITY_EXTENDED_HOURS,META.US-24,3019,2025-W44,1,HIGH,2,24,2,24,2,24,2,24,2,22
US_EQUITY_EXTENDED_HOURS,META.US-24,3019,2025-W44,1,LOW,9,19,9,18,9,18,9,17,9,17
US_EQUITY_EXTENDED_HOURS,META.US-24,3019,2025-W45,-1,HIGH,12,5,12,5,12,5,12,5,12,5
US_EQUITY_EXTENDED_HOURS,META.US-24,3019,2025-W45,-1,LOW,8,18,8,18,8,18,8,18,8,18
US_EQUITY_EXTENDED_HOURS,META.US-24,3019,2025-W45,1,HIGH,2,18,2,18,2,18,2,18,2,18
US_EQUITY_EXTENDED_HOURS,META.US-24,3019,2025-W45,1,LOW,4,19,4,19,4,19,4,19,4,19
US_EQUITY_EXTENDED_HOURS,META.US-24,3019,2025-W46,-1,HIGH,14,11,14,11,14,11,14,11,14,10
US_EQUITY_EXTENDED_HOURS,META.US-24,3019,2025-W46,-1,LOW,8,16,8,16,8,16,8,16,8,15
US_EQUITY_EXTENDED_HOURS,META.US-24,3019,2025-W46,1,HIGH,5,26,5,26,4,26,4,26,3,26
US_EQUITY_EXTENDED_HOURS,META.US-24,3019,2025-W46,1,LOW,5,15,5,15,5,15,5,15,5,15
US_EQUITY_EXTENDED_HOURS,META.US-24,3019,2025-W47,-1,HIGH,11,10,11,10,11,10,11,10,11,8
US_EQUITY_EXTENDED_HOURS,META.US-24,3019,2025-W47,-1,LOW,3,18,3,17,3,17,3,17,3,17
US_EQUITY_EXTENDED_HOURS,META.US-24,3019,2025-W47,1,HIGH,2,21,2,21,2,21,2,21,2,20
US_EQUITY_EXTENDED_HOURS,META.US-24,3019,2025-W47,1,LOW,2,17,2,17,1,17,1,17,1,17
US_EQUITY_EXTENDED_HOURS,META.US-24,3019,2025-W48,-1,HIGH,0,12,0,12,0,12,0,12,0,12
US_EQUITY_EXTENDED_HOURS,META.US-24,3019,2025-W48,-1,LOW,9,12,9,12,9,12,8,12,7,12
US_EQUITY_EXTENDED_HOURS,META.US-24,3019,2025-W48,1,HIGH,5,7,5,7,5,7,5,7,5,7
US_EQUITY_EXTENDED_HOURS,META.US-24,3019,2025-W48,1,LOW,6,16,6,16,6,15,6,15,6,13
US_EQUITY_EXTENDED_HOURS,META.US-24,3019,2025-W49,-1,HIGH,2,18,2,17,2,17,2,17,2,11
US_EQUITY_EXTENDED_HOURS,META.US-24,3019,2025-W49,-1,LOW,1,14,1,14,1,14,1,14,1,12
US_EQUITY_EXTENDED_HOURS,META.US-24,3019,2025-W49,1,HIGH,10,9,10,9,10,9,10,9,5,9
US_EQUITY_EXTENDED_HOURS,META.US-24,3019,2025-W49,1,LOW,5,12,5,12,5,11,5,10,4,9
US_EQUITY_EXTENDED_HOURS,META.US-24,3019,2025-W50,-1,HIGH,8,5,8,5,8,5,8,5,8,5
US_EQUITY_EXTENDED_HOURS,META.US-24,3019,2025-W50,-1,LOW,6,10,6,10,6,10,6,10,5,8
US_EQUITY_EXTENDED_HOURS,META.US-24,3019,2025-W50,1,HIGH,4,11,4,11,4,11,4,11,4,11
US_EQUITY_EXTENDED_HOURS,META.US-24,3019,2025-W50,1,LOW,2,12,2,12,2,11,2,11,2,9
US_EQUITY_EXTENDED_HOURS,META.US-24,3019,2025-W51,-1,HIGH,3,10,3,10,3,10,3,8,3,3
US_EQUITY_EXTENDED_HOURS,META.US-24,3019,2025-W51,-1,LOW,3,3,3,3,3,3,3,3,2,2
US_EQUITY_EXTENDED_HOURS,META.US-24,3019,2025-W51,1,HIGH,5,6,5,5,5,5,5,4,3,3
US_EQUITY_EXTENDED_HOURS,META.US-24,3019,2025-W51,1,LOW,0,7,0,7,0,7,0,7,0,5
US_EQUITY_EXTENDED_HOURS,META.US-24,3019,2025-W52,-1,HIGH,1,1,1,1,1,1,0,1,0,0
US_EQUITY_EXTENDED_HOURS,META.US-24,3019,2025-W52,-1,LOW,0,1,0,1,0,1,0,1,0,1
US_EQUITY_EXTENDED_HOURS,META.US-24,3019,2025-W52,1,HIGH,0,1,0,1,0,1,0,1,0,0
US_EQUITY_EXTENDED_HOURS,META.US-24,3019,2025-W52,1,LOW,0,2,0,2,0,2,0,2,0,1
US_EQUITY_EXTENDED_HOURS,META.US-24,3019,2026-W01,-1,HIGH,0,2,0,2,0,2,0,2,0,0
US_EQUITY_EXTENDED_HOURS,META.US-24,3019,2026-W01,-1,LOW,3,2,2,2,2,1,1,1,1,0
US_EQUITY_EXTENDED_HOURS,META.US-24,3019,2026-W01,1,HIGH,0,2,0,2,0,2,0,1,0,0
US_EQUITY_EXTENDED_HOURS,META.US-24,3019,2026-W01,1,LOW,0,3,0,3,0,2,0,2,0,1
US_EQUITY_EXTENDED_HOURS,META.US-24,3019,2026-W02,-1,HIGH,1,6,1,6,1,6,1,5,1,1
US_EQUITY_EXTENDED_HOURS,META.US-24,3019,2026-W02,-1,LOW,1,0,1,0,1,0,0,0,0,0
US_EQUITY_EXTENDED_HOURS,META.US-24,3019,2026-W02,1,HIGH,3,1,3,1,3,1,3,1,1,0
US_EQUITY_EXTENDED_HOURS,META.US-24,3019,2026-W02,1,LOW,1,1,1,1,1,1,0,0,0,0
US_EQUITY_EXTENDED_HOURS,META.US-24,3019,2026-W03,-1,HIGH,3,8,3,8,3,8,3,8,3,6
US_EQUITY_EXTENDED_HOURS,META.US-24,3019,2026-W03,-1,LOW,5,8,5,8,5,8,5,8,5,7
US_EQUITY_EXTENDED_HOURS,META.US-24,3019,2026-W03,1,HIGH,3,8,3,8,3,8,3,8,3,7
US_EQUITY_EXTENDED_HOURS,META.US-24,3019,2026-W03,1,LOW,2,10,2,10,2,10,2,10,2,10
US_EQUITY_EXTENDED_HOURS,META.US-24,3019,2026-W04,-1,HIGH,1,12,1,12,1,12,1,11,1,9
US_EQUITY_EXTENDED_HOURS,META.US-24,3019,2026-W04,-1,LOW,3,13,3,13,3,13,3,13,3,13
US_EQUITY_EXTENDED_HOURS,META.US-24,3019,2026-W04,1,HIGH,6,5,6,5,6,5,6,5,3,5
US_EQUITY_EXTENDED_HOURS,META.US-24,3019,2026-W04,1,LOW,10,7,10,7,10,7,10,7,10,7
US_EQUITY_EXTENDED_HOURS,META.US-24,3019,2026-W05,-1,HIGH,10,17,10,17,10,17,10,17,9,17
US_EQUITY_EXTENDED_HOURS,META.US-24,3019,2026-W05,-1,LOW,3,23,2,23,2,23,2,23,1,23
US_EQUITY_EXTENDED_HOURS,META.US-24,3019,2026-W05,1,HIGH,4,23,4,23,4,23,4,23,4,21
US_EQUITY_EXTENDED_HOURS,META.US-24,3019,2026-W05,1,LOW,11,13,11,13,11,13,11,12,11,12
US_EQUITY_EXTENDED_HOURS,META.US-24,3019,2026-W06,-1,HIGH,5,15,5,14,5,14,5,13,2,12
US_EQUITY_EXTENDED_HOURS,META.US-24,3019,2026-W06,-1,LOW,0,10,0,10,0,10,0,10,0,9
US_EQUITY_EXTENDED_HOURS,META.US-24,3019,2026-W06,1,HIGH,5,15,5,15,5,15,5,15,5,11
US_EQUITY_EXTENDED_HOURS,META.US-24,3019,2026-W06,1,LOW,0,11,0,11,0,11,0,11,0,11
US_EQUITY_EXTENDED_HOURS,META.US-24,3019,2026-W07,-1,LOW,2,8,2,8,2,8,2,6,0,4
US_EQUITY_EXTENDED_HOURS,META.US-24,3019,2026-W07,1,LOW,2,10,2,10,2,9,2,7,2,2
US_EQUITY_EXTENDED_HOURS,META.US-24,3019,2026-W08,-1,LOW,1,2,1,2,1,2,1,2,0,1
US_EQUITY_EXTENDED_HOURS,META.US-24,3019,2026-W08,1,LOW,1,1,1,1,1,1,1,1,0,0
US_EQUITY_EXTENDED_HOURS,META.US-24,3019,2026-W10,-1,LOW,0,4,0,3,0,3,0,3,0,0
US_EQUITY_EXTENDED_HOURS,META.US-24,3019,2026-W10,1,LOW,1,3,1,3,1,3,1,3,0,0
US_EQUITY_EXTENDED_HOURS,META.US-24,3019,2026-W11,-1,HIGH,0,2,0,2,0,2,0,2,0,2
US_EQUITY_EXTENDED_HOURS,META.US-24,3019,2026-W11,-1,LOW,0,1,0,1,0,1,0,1,0,0
US_EQUITY_EXTENDED_HOURS,META.US-24,3019,2026-W11,1,HIGH,1,1,1,1,1,1,1,1,0,1
US_EQUITY_EXTENDED_HOURS,META.US-24,3019,2026-W11,1,LOW,1,0,1,0,1,0,1,0,0,0
US_EQUITY_EXTENDED_HOURS,META.US-24,3019,2026-W12,-1,HIGH,3,2,3,2,3,2,3,2,2,2
US_EQUITY_EXTENDED_HOURS,META.US-24,3019,2026-W12,-1,LOW,5,5,5,5,4,5,4,5,1,5
US_EQUITY_EXTENDED_HOURS,META.US-24,3019,2026-W12,1,HIGH,0,4,0,4,0,4,0,3,0,3
US_EQUITY_EXTENDED_HOURS,META.US-24,3019,2026-W12,1,LOW,1,11,1,10,1,10,1,9,1,6
US_EQUITY_EXTENDED_HOURS,META.US-24,3019,2026-W13,-1,HIGH,3,2,3,2,2,2,2,1,1,1
US_EQUITY_EXTENDED_HOURS,META.US-24,3019,2026-W13,-1,LOW,0,7,0,7,0,7,0,7,0,6
US_EQUITY_EXTENDED_HOURS,META.US-24,3019,2026-W13,1,HIGH,0,3,0,3,0,3,0,3,0,2
US_EQUITY_EXTENDED_HOURS,META.US-24,3019,2026-W13,1,LOW,0,7,0,7,0,7,0,7,0,5
US_EQUITY_EXTENDED_HOURS,META.US-24,3019,2026-W14,-1,HIGH,3,16,3,16,3,16,3,16,3,14
US_EQUITY_EXTENDED_HOURS,META.US-24,3019,2026-W14,-1,LOW,1,7,1,7,1,6,1,6,1,4
US_EQUITY_EXTENDED_HOURS,META.US-24,3019,2026-W14,1,HIGH,8,10,8,10,8,10,8,10,6,10
US_EQUITY_EXTENDED_HOURS,META.US-24,3019,2026-W14,1,LOW,3,5,3,5,3,5,3,4,3,2
US_EQUITY_EXTENDED_HOURS,META.US-24,3019,2026-W15,-1,HIGH,2,9,2,9,2,9,2,9,0,9
US_EQUITY_EXTENDED_HOURS,META.US-24,3019,2026-W15,-1,LOW,2,13,2,13,2,13,2,13,2,11
US_EQUITY_EXTENDED_HOURS,META.US-24,3019,2026-W15,1,HIGH,7,5,7,5,7,5,7,5,7,2
US_EQUITY_EXTENDED_HOURS,META.US-24,3019,2026-W15,1,LOW,6,8,6,7,6,7,6,7,6,6
US_EQUITY_EXTENDED_HOURS,META.US-24,3019,2026-W16,-1,HIGH,0,13,0,13,0,13,0,12,0,11
US_EQUITY_EXTENDED_HOURS,META.US-24,3019,2026-W16,-1,LOW,0,8,0,8,0,8,0,7,0,6
US_EQUITY_EXTENDED_HOURS,META.US-24,3019,2026-W16,1,HIGH,6,8,6,8,6,8,5,8,5,7
US_EQUITY_EXTENDED_HOURS,META.US-24,3019,2026-W16,1,LOW,3,4,3,4,3,4,2,4,0,4
US_EQUITY_EXTENDED_HOURS,META.US-24,3019,2026-W17,-1,HIGH,6,8,6,8,6,8,6,7,6,6
US_EQUITY_EXTENDED_HOURS,META.US-24,3019,2026-W17,-1,LOW,5,6,5,6,5,6,5,6,5,3
US_EQUITY_EXTENDED_HOURS,META.US-24,3019,2026-W17,1,HIGH,2,11,2,11,2,11,2,11,1,11
US_EQUITY_EXTENDED_HOURS,META.US-24,3019,2026-W17,1,LOW,2,10,1,10,1,10,1,10,0,7
US_EQUITY_EXTENDED_HOURS,META.US-24,3019,2026-W18,-1,HIGH,8,9,8,9,8,9,8,9,8,9
US_EQUITY_EXTENDED_HOURS,META.US-24,3019,2026-W18,-1,LOW,4,11,4,11,4,11,3,11,2,10
US_EQUITY_EXTENDED_HOURS,META.US-24,3019,2026-W18,1,HIGH,0,18,0,18,0,18,0,18,0,18
US_EQUITY_EXTENDED_HOURS,META.US-24,3019,2026-W18,1,LOW,4,10,4,10,4,10,4,10,4,8
US_EQUITY_EXTENDED_HOURS,META.US-24,3019,2026-W19,-1,HIGH,6,19,6,19,6,19,6,19,4,19
US_EQUITY_EXTENDED_HOURS,META.US-24,3019,2026-W19,-1,LOW,6,19,6,19,6,19,6,18,6,18
US_EQUITY_EXTENDED_HOURS,META.US-24,3019,2026-W19,1,HIGH,6,22,6,22,6,22,6,22,6,20
US_EQUITY_EXTENDED_HOURS,META.US-24,3019,2026-W19,1,LOW,6,17,6,17,6,17,6,17,6,17
US_EQUITY_EXTENDED_HOURS,META.US-24,3019,2026-W20,-1,HIGH,4,13,4,13,4,13,4,13,4,10
US_EQUITY_EXTENDED_HOURS,META.US-24,3019,2026-W20,-1,LOW,6,11,6,10,6,10,6,10,6,10
US_EQUITY_EXTENDED_HOURS,META.US-24,3019,2026-W20,1,HIGH,2,13,2,13,2,13,2,13,2,10
US_EQUITY_EXTENDED_HOURS,META.US-24,3019,2026-W20,1,LOW,4,13,4,13,4,13,4,13,4,13
US_EQUITY_EXTENDED_HOURS,META.US-24,3019,2026-W21,-1,HIGH,3,8,3,6,3,6,3,6,3,3
US_EQUITY_EXTENDED_HOURS,META.US-24,3019,2026-W21,-1,LOW,7,8,7,8,7,8,7,8,7,6
US_EQUITY_EXTENDED_HOURS,META.US-24,3019,2026-W21,1,HIGH,2,9,2,9,0,9,0,8,0,6
US_EQUITY_EXTENDED_HOURS,META.US-24,3019,2026-W21,1,LOW,0,16,0,15,0,15,0,15,0,14
US_EQUITY_EXTENDED_HOURS,META.US-24,3019,2026-W22,-1,HIGH,1,7,1,7,1,7,1,7,1,7
US_EQUITY_EXTENDED_HOURS,META.US-24,3019,2026-W22,-1,LOW,5,9,5,9,5,8,5,8,5,8
US_EQUITY_EXTENDED_HOURS,META.US-24,3019,2026-W22,1,HIGH,1,8,1,8,1,8,1,8,1,7
US_EQUITY_EXTENDED_HOURS,META.US-24,3019,2026-W22,1,LOW,4,10,4,9,4,9,4,8,4,8
US_EQUITY_EXTENDED_HOURS,META.US-24,3019,2026-W23,-1,HIGH,5,17,5,17,5,17,5,17,5,17
US_EQUITY_EXTENDED_HOURS,META.US-24,3019,2026-W23,-1,LOW,2,21,2,21,2,21,2,21,2,18
US_EQUITY_EXTENDED_HOURS,META.US-24,3019,2026-W23,1,HIGH,6,19,6,19,6,19,6,19,6,18
US_EQUITY_EXTENDED_HOURS,META.US-24,3019,2026-W23,1,LOW,1,18,1,18,1,18,1,18,1,16
US_EQUITY_EXTENDED_HOURS,META.US-24,3019,2026-W24,-1,HIGH,13,14,13,14,13,14,13,14,10,14
US_EQUITY_EXTENDED_HOURS,META.US-24,3019,2026-W24,-1,LOW,8,19,8,19,8,19,8,19,8,19
US_EQUITY_EXTENDED_HOURS,META.US-24,3019,2026-W24,1,HIGH,3,22,3,22,3,22,3,21,3,18
US_EQUITY_EXTENDED_HOURS,META.US-24,3019,2026-W24,1,LOW,5,24,5,24,5,24,5,24,5,24
US_EQUITY_EXTENDED_HOURS,META.US-24,3019,2026-W25,-1,HIGH,0,14,0,13,0,13,0,13,0,13
US_EQUITY_EXTENDED_HOURS,META.US-24,3019,2026-W25,-1,LOW,3,16,3,16,3,16,3,16,3,15
US_EQUITY_EXTENDED_HOURS,META.US-24,3019,2026-W25,1,HIGH,9,4,9,4,9,4,9,3,9,3
US_EQUITY_EXTENDED_HOURS,META.US-24,3019,2026-W25,1,LOW,1,19,1,19,1,19,1,19,1,18
US_EQUITY_EXTENDED_HOURS,META.US-24,3019,2026-W26,-1,HIGH,7,9,7,9,7,9,7,9,7,8
US_EQUITY_EXTENDED_HOURS,META.US-24,3019,2026-W26,-1,LOW,9,12,9,12,9,12,9,12,9,11
US_EQUITY_EXTENDED_HOURS,META.US-24,3019,2026-W26,1,HIGH,2,13,2,13,2,13,2,13,1,13
US_EQUITY_EXTENDED_HOURS,META.US-24,3019,2026-W26,1,LOW,1,20,1,20,1,20,1,20,0,19
US_EQUITY_EXTENDED_HOURS,META.US-24,3019,2026-W27,-1,HIGH,3,5,3,5,3,5,3,5,3,4
US_EQUITY_EXTENDED_HOURS,META.US-24,3019,2026-W27,-1,LOW,3,13,3,13,2,13,2,13,1,9
US_EQUITY_EXTENDED_HOURS,META.US-24,3019,2026-W27,1,HIGH,2,9,2,9,2,9,2,9,2,8
US_EQUITY_EXTENDED_HOURS,META.US-24,3019,2026-W27,1,LOW,2,13,2,13,2,13,2,12,1,7
US_EQUITY_EXTENDED_HOURS,META.US-24,3019,2026-W28,-1,HIGH,1,17,1,17,1,17,1,16,1,15
US_EQUITY_EXTENDED_HOURS,META.US-24,3019,2026-W28,-1,LOW,3,15,3,15,3,15,3,14,3,13
US_EQUITY_EXTENDED_HOURS,META.US-24,3019,2026-W28,1,HIGH,14,2,14,2,13,2,12,2,12,2
US_EQUITY_EXTENDED_HOURS,META.US-24,3019,2026-W28,1,LOW,2,16,2,16,2,15,2,14,2,13
US_EQUITY_EXTENDED_HOURS,META.US-24,3019,2026-W29,-1,HIGH,4,6,4,6,4,5,4,5,4,3
US_EQUITY_EXTENDED_HOURS,META.US-24,3019,2026-W29,-1,LOW,10,6,10,5,10,5,10,4,10,2
US_EQUITY_EXTENDED_HOURS,META.US-24,3019,2026-W29,1,HIGH,4,9,4,8,4,8,3,7,3,7
US_EQUITY_EXTENDED_HOURS,META.US-24,3019,2026-W29,1,LOW,4,11,4,11,3,11,3,11,1,11
US_EQUITY_EXTENDED_HOURS,META.US-24,3019,2026-W30,-1,HIGH,4,5,4,5,4,5,4,5,4,4
US_EQUITY_EXTENDED_HOURS,META.US-24,3019,2026-W30,-1,LOW,7,15,7,15,7,14,7,14,6,12
US_EQUITY_EXTENDED_HOURS,META.US-24,3019,2026-W30,1,HIGH,1,8,1,8,1,8,1,8,1,7
US_EQUITY_EXTENDED_HOURS,META.US-24,3019,2026-W30,1,LOW,3,18,3,18,3,18,3,17,3,14
US_EQUITY_EXTENDED_HOURS,META.US-24,3019,2026-W31,-1,HIGH,6,21,6,21,6,21,6,21,6,19
US_EQUITY_EXTENDED_HOURS,META.US-24,3019,2026-W31,-1,LOW,4,14,4,14,4,14,4,14,4,14
US_EQUITY_EXTENDED_HOURS,META.US-24,3019,2026-W31,1,HIGH,5,23,5,23,5,23,5,23,3,23
US_EQUITY_EXTENDED_HOURS,META.US-24,3019,2026-W31,1,LOW,7,11,7,11,7,11,7,11,7,11
US_EQUITY_EXTENDED_HOURS,META.US-24,3019,2026-W32,-1,HIGH,3,14,3,13,3,13,3,12,3,11
US_EQUITY_EXTENDED_HOURS,META.US-24,3019,2026-W32,-1,LOW,4,18,4,18,4,18,4,18,3,18
US_EQUITY_EXTENDED_HOURS,META.US-24,3019,2026-W32,1,HIGH,1,15,1,15,1,14,1,14,0,13
US_EQUITY_EXTENDED_HOURS,META.US-24,3019,2026-W32,1,LOW,5,19,5,19,5,19,5,19,5,17
US_EQUITY_EXTENDED_HOURS,META.US-24,3019,2026-W33,-1,HIGH,2,20,2,20,2,20,2,20,2,19
US_EQUITY_EXTENDED_HOURS,META.US-24,3019,2026-W33,-1,LOW,5,26,5,26,5,26,5,26,5,26
US_EQUITY_EXTENDED_HOURS,META.US-24,3019,2026-W33,1,HIGH,8,12,8,12,8,12,8,12,8,11
US_EQUITY_EXTENDED_HOURS,META.US-24,3019,2026-W33,1,LOW,10,25,10,25,10,25,10,25,10,25
US_EQUITY_EXTENDED_HOURS,META.US-24,3019,2026-W34,-1,HIGH,6,16,6,16,6,15,6,14,6,12
US_EQUITY_EXTENDED_HOURS,META.US-24,3019,2026-W34,-1,LOW,6,12,6,12,6,12,6,12,6,12
US_EQUITY_EXTENDED_HOURS,META.US-24,3019,2026-W34,1,HIGH,5,17,5,17,5,17,5,16,5,14
US_EQUITY_EXTENDED_HOURS,META.US-24,3019,2026-W34,1,LOW,3,14,3,14,3,14,3,14,3,14
US_EQUITY_EXTENDED_HOURS,META.US-24,3019,2026-W35,-1,HIGH,2,16,2,15,2,15,2,15,2,11
US_EQUITY_EXTENDED_HOURS,META.US-24,3019,2026-W35,-1,LOW,3,17,3,17,3,17,3,17,3,17
US_EQUITY_EXTENDED_HOURS,META.US-24,3019,2026-W35,1,HIGH,8,7,8,7,8,7,7,7,4,5
US_EQUITY_EXTENDED_HOURS,META.US-24,3019,2026-W35,1,LOW,2,22,2,22,2,22,2,22,2,22
US_EQUITY_EXTENDED_HOURS,META.US-24,3019,2026-W36,-1,HIGH,1,11,1,11,1,11,1,10,1,9
US_EQUITY_EXTENDED_HOURS,META.US-24,3019,2026-W36,-1,LOW,2,23,2,23,2,23,2,22,2,19
US_EQUITY_EXTENDED_HOURS,META.US-24,3019,2026-W36,1,HIGH,1,9,1,9,1,9,1,9,1,8
US_EQUITY_EXTENDED_HOURS,META.US-24,3019,2026-W36,1,LOW,5,19,5,17,5,17,5,17,5,13
US_EQUITY_EXTENDED_HOURS,META.US-24,3019,2026-W37,-1,HIGH,1,10,1,10,1,10,1,10,1,10
US_EQUITY_EXTENDED_HOURS,META.US-24,3019,2026-W37,-1,LOW,0,10,0,10,0,10,0,9,0,8
US_EQUITY_EXTENDED_HOURS,META.US-24,3019,2026-W37,1,HIGH,5,5,5,5,5,5,5,5,5,5
US_EQUITY_EXTENDED_HOURS,META.US-24,3019,2026-W37,1,LOW,3,7,2,7,2,6,2,6,1,6
US_EQUITY_EXTENDED_HOURS,META.US-24,3019,2026-W38,-1,HIGH,0,9,0,9,0,9,0,9,0,7
US_EQUITY_EXTENDED_HOURS,META.US-24,3019,2026-W38,-1,LOW,0,6,0,6,0,6,0,6,0,5
US_EQUITY_EXTENDED_HOURS,META.US-24,3019,2026-W38,1,HIGH,5,3,5,3,5,3,5,2,5,1
US_EQUITY_EXTENDED_HOURS,META.US-24,3019,2026-W38,1,LOW,1,5,1,5,1,5,1,5,1,4
US_EQUITY_EXTENDED_HOURS,PLTR.US-24,5449,2025-W38,-1,HIGH,0,11,0,11,0,11,0,11,0,10
US_EQUITY_EXTENDED_HOURS,PLTR.US-24,5449,2025-W38,-1,LOW,3,8,3,8,3,8,3,7,3,7
US_EQUITY_EXTENDED_HOURS,PLTR.US-24,5449,2025-W38,1,HIGH,8,2,8,2,8,2,8,2,7,2
US_EQUITY_EXTENDED_HOURS,PLTR.US-24,5449,2025-W38,1,LOW,3,9,3,9,3,9,3,9,3,9
US_EQUITY_EXTENDED_HOURS,PLTR.US-24,5449,2025-W39,-1,HIGH,2,9,2,9,2,9,2,9,2,9
US_EQUITY_EXTENDED_HOURS,PLTR.US-24,5449,2025-W39,-1,LOW,5,14,4,14,4,14,4,13,4,10
US_EQUITY_EXTENDED_HOURS,PLTR.US-24,5449,2025-W39,1,HIGH,4,8,4,8,4,8,4,8,4,8
US_EQUITY_EXTENDED_HOURS,PLTR.US-24,5449,2025-W39,1,LOW,4,13,4,13,4,13,4,12,3,11
US_EQUITY_EXTENDED_HOURS,PLTR.US-24,5449,2025-W40,-1,HIGH,1,8,1,8,1,8,1,8,1,8
US_EQUITY_EXTENDED_HOURS,PLTR.US-24,5449,2025-W40,-1,LOW,4,20,4,19,4,19,4,19,4,14
US_EQUITY_EXTENDED_HOURS,PLTR.US-24,5449,2025-W40,1,HIGH,7,2,7,2,7,2,7,2,7,2
US_EQUITY_EXTENDED_HOURS,PLTR.US-24,5449,2025-W40,1,LOW,9,17,9,17,8,17,8,17,5,16
US_EQUITY_EXTENDED_HOURS,PLTR.US-24,5449,2025-W41,-1,HIGH,0,16,0,16,0,16,0,16,0,14
US_EQUITY_EXTENDED_HOURS,PLTR.US-24,5449,2025-W41,-1,LOW,3,16,3,16,3,15,2,15,2,11
US_EQUITY_EXTENDED_HOURS,PLTR.US-24,5449,2025-W41,1,HIGH,8,8,8,8,8,8,8,8,8,6
US_EQUITY_EXTENDED_HOURS,PLTR.US-24,5449,2025-W41,1,LOW,6,12,5,12,5,11,4,11,1,11
US_EQUITY_EXTENDED_HOURS,PLTR.US-24,5449,2025-W42,-1,HIGH,10,20,10,20,10,20,10,20,10,17
US_EQUITY_EXTENDED_HOURS,PLTR.US-24,5449,2025-W42,-1,LOW,6,18,6,18,6,18,6,18,6,18
US_EQUITY_EXTENDED_HOURS,PLTR.US-24,5449,2025-W42,1,HIGH,11,21,10,21,10,21,10,21,9,20
US_EQUITY_EXTENDED_HOURS,PLTR.US-24,5449,2025-W42,1,LOW,10,15,10,15,10,15,10,15,10,15
US_EQUITY_EXTENDED_HOURS,PLTR.US-24,5449,2025-W43,-1,HIGH,4,12,4,12,4,12,4,12,4,12
US_EQUITY_EXTENDED_HOURS,PLTR.US-24,5449,2025-W43,-1,LOW,1,14,1,14,1,13,1,13,1,8
US_EQUITY_EXTENDED_HOURS,PLTR.US-24,5449,2025-W43,1,HIGH,5,8,5,8,5,8,5,8,5,8
US_EQUITY_EXTENDED_HOURS,PLTR.US-24,5449,2025-W43,1,LOW,6,8,6,8,6,8,5,8,3,7
US_EQUITY_EXTENDED_HOURS,PLTR.US-24,5449,2025-W44,-1,HIGH,5,23,5,23,5,23,5,23,5,23
US_EQUITY_EXTENDED_HOURS,PLTR.US-24,5449,2025-W44,-1,LOW,1,16,1,16,1,16,1,15,1,15
US_EQUITY_EXTENDED_HOURS,PLTR.US-24,5449,2025-W44,1,HIGH,13,15,13,15,13,15,13,15,12,15
US_EQUITY_EXTENDED_HOURS,PLTR.US-24,5449,2025-W44,1,LOW,8,8,8,8,8,8,8,8,8,8
US_EQUITY_EXTENDED_HOURS,PLTR.US-24,5449,2025-W45,-1,HIGH,17,7,17,7,17,7,17,7,17,6
US_EQUITY_EXTENDED_HOURS,PLTR.US-24,5449,2025-W45,-1,LOW,5,12,5,12,5,12,5,12,5,12
US_EQUITY_EXTENDED_HOURS,PLTR.US-24,5449,2025-W45,1,HIGH,1,22,1,22,1,22,1,22,1,21
US_EQUITY_EXTENDED_HOURS,PLTR.US-24,5449,2025-W45,1,LOW,2,17,2,17,2,17,2,17,2,17
US_EQUITY_EXTENDED_HOURS,PLTR.US-24,5449,2025-W46,-1,HIGH,12,7,12,7,12,7,12,7,12,6
US_EQUITY_EXTENDED_HOURS,PLTR.US-24,5449,2025-W46,-1,LOW,7,17,7,17,7,17,7,17,7,16
US_EQUITY_EXTENDED_HOURS,PLTR.US-24,5449,2025-W46,1,HIGH,5,16,5,15,5,15,5,15,4,15
US_EQUITY_EXTENDED_HOURS,PLTR.US-24,5449,2025-W46,1,LOW,3,20,3,20,3,20,3,20,3,20
US_EQUITY_EXTENDED_HOURS,PLTR.US-24,5449,2025-W47,-1,HIGH,12,15,12,15,12,15,12,15,11,14
US_EQUITY_EXTENDED_HOURS,PLTR.US-24,5449,2025-W47,-1,LOW,5,18,5,18,5,18,5,18,5,18
US_EQUITY_EXTENDED_HOURS,PLTR.US-24,5449,2025-W47,1,HIGH,5,23,5,23,5,23,5,23,5,22
US_EQUITY_EXTENDED_HOURS,PLTR.US-24,5449,2025-W47,1,LOW,2,21,2,21,2,21,2,21,2,21
US_EQUITY_EXTENDED_HOURS,PLTR.US-24,5449,2025-W48,-1,HIGH,0,8,0,8,0,8,0,8,0,8
US_EQUITY_EXTENDED_HOURS,PLTR.US-24,5449,2025-W48,-1,LOW,4,11,4,11,4,10,4,10,4,10
US_EQUITY_EXTENDED_HOURS,PLTR.US-24,5449,2025-W48,1,HIGH,4,2,4,2,4,2,4,2,4,1
US_EQUITY_EXTENDED_HOURS,PLTR.US-24,5449,2025-W48,1,LOW,3,14,3,14,3,14,3,13,3,13
US_EQUITY_EXTENDED_HOURS,PLTR.US-24,5449,2025-W49,-1,HIGH,2,10,2,10,2,10,2,9,2,8
US_EQUITY_EXTENDED_HOURS,PLTR.US-24,5449,2025-W49,-1,LOW,0,16,0,16,0,16,0,16,0,15
US_EQUITY_EXTENDED_HOURS,PLTR.US-24,5449,2025-W49,1,HIGH,6,7,6,7,6,6,6,6,6,5
US_EQUITY_EXTENDED_HOURS,PLTR.US-24,5449,2025-W49,1,LOW,4,12,4,11,4,11,4,11,4,11
US_EQUITY_EXTENDED_HOURS,PLTR.US-24,5449,2025-W50,-1,HIGH,6,13,6,13,6,13,6,13,5,13
US_EQUITY_EXTENDED_HOURS,PLTR.US-24,5449,2025-W50,-1,LOW,4,15,4,15,4,15,4,14,4,11
US_EQUITY_EXTENDED_HOURS,PLTR.US-24,5449,2025-W50,1,HIGH,3,20,3,20,3,20,3,19,3,19
US_EQUITY_EXTENDED_HOURS,PLTR.US-24,5449,2025-W50,1,LOW,2,13,2,13,2,13,2,13,2,10
US_EQUITY_EXTENDED_HOURS,PLTR.US-24,5449,2025-W51,-1,HIGH,4,16,4,16,4,15,4,15,4,13
US_EQUITY_EXTENDED_HOURS,PLTR.US-24,5449,2025-W51,-1,LOW,3,18,3,18,3,18,3,17,3,17
US_EQUITY_EXTENDED_HOURS,PLTR.US-24,5449,2025-W51,1,HIGH,8,7,8,7,8,7,8,7,6,7
US_EQUITY_EXTENDED_HOURS,PLTR.US-24,5449,2025-W51,1,LOW,14,11,14,11,14,11,14,11,14,10
US_EQUITY_EXTENDED_HOURS,PLTR.US-24,5449,2025-W52,-1,HIGH,0,9,0,9,0,9,0,9,0,7
US_EQUITY_EXTENDED_HOURS,PLTR.US-24,5449,2025-W52,-1,LOW,4,4,4,3,4,3,4,3,2,2
US_EQUITY_EXTENDED_HOURS,PLTR.US-24,5449,2025-W52,1,HIGH,3,8,3,8,3,8,3,8,1,8
US_EQUITY_EXTENDED_HOURS,PLTR.US-24,5449,2025-W52,1,LOW,0,6,0,6,0,6,0,6,0,5
US_EQUITY_EXTENDED_HOURS,PLTR.US-24,5449,2026-W01,-1,HIGH,7,7,7,7,7,7,6,7,4,4
US_EQUITY_EXTENDED_HOURS,PLTR.US-24,5449,2026-W01,-1,LOW,5,7,5,7,5,7,5,7,5,7
US_EQUITY_EXTENDED_HOURS,PLTR.US-24,5449,2026-W01,1,HIGH,1,11,1,10,1,10,1,9,1,7
US_EQUITY_EXTENDED_HOURS,PLTR.US-24,5449,2026-W01,1,LOW,1,11,1,11,1,11,1,11,1,11
US_EQUITY_EXTENDED_HOURS,PLTR.US-24,5449,2026-W02,-1,HIGH,4,15,4,15,4,15,4,15,4,14
US_EQUITY_EXTENDED_HOURS,PLTR.US-24,5449,2026-W02,-1,LOW,2,27,2,27,2,27,2,27,2,27
US_EQUITY_EXTENDED_HOURS,PLTR.US-24,5449,2026-W02,1,HIGH,9,13,9,13,9,12,9,12,9,11
US_EQUITY_EXTENDED_HOURS,PLTR.US-24,5449,2026-W02,1,LOW,7,20,7,20,7,20,7,20,7,20
US_EQUITY_EXTENDED_HOURS,PLTR.US-24,5449,2026-W03,-1,HIGH,6,12,6,11,6,11,5,10,3,6
US_EQUITY_EXTENDED_HOURS,PLTR.US-24,5449,2026-W03,-1,LOW,2,20,2,20,2,20,2,20,2,20
US_EQUITY_EXTENDED_HOURS,PLTR.US-24,5449,2026-W03,1,HIGH,3,16,2,16,1,16,1,15,0,10
US_EQUITY_EXTENDED_HOURS,PLTR.US-24,5449,2026-W03,1,LOW,6,15,6,15,6,15,6,15,6,15
US_EQUITY_EXTENDED_HOURS,PLTR.US-24,5449,2026-W04,-1,HIGH,4,12,4,12,4,12,4,11,4,10
US_EQUITY_EXTENDED_HOURS,PLTR.US-24,5449,2026-W04,-1,LOW,7,16,7,16,7,16,7,16,7,16
US_EQUITY_EXTENDED_HOURS,PLTR.US-24,5449,2026-W04,1,HIGH,2,17,2,17,2,17,2,17,1,16
US_EQUITY_EXTENDED_HOURS,PLTR.US-24,5449,2026-W04,1,LOW,4,16,4,16,4,16,4,16,4,16
US_EQUITY_EXTENDED_HOURS,PLTR.US-24,5449,2026-W05,-1,HIGH,7,9,7,9,7,9,7,9,7,9
US_EQUITY_EXTENDED_HOURS,PLTR.US-24,5449,2026-W05,-1,LOW,7,21,7,21,7,21,7,21,6,21
US_EQUITY_EXTENDED_HOURS,PLTR.US-24,5449,2026-W05,1,HIGH,0,17,0,17,0,17,0,17,0,17
US_EQUITY_EXTENDED_HOURS,PLTR.US-24,5449,2026-W05,1,LOW,3,26,3,26,3,26,3,25,3,24
US_EQUITY_EXTENDED_HOURS,PLTR.US-24,5449,2026-W06,-1,HIGH,9,6,9,6,9,6,9,6,9,6
US_EQUITY_EXTENDED_HOURS,PLTR.US-24,5449,2026-W06,-1,LOW,3,26,3,26,3,26,3,26,3,23
US_EQUITY_EXTENDED_HOURS,PLTR.US-24,5449,2026-W06,1,HIGH,2,16,2,16,2,16,2,16,2,16
US_EQUITY_EXTENDED_HOURS,PLTR.US-24,5449,2026-W06,1,LOW,9,19,9,19,9,19,8,19,5,19
US_EQUITY_EXTENDED_HOURS,PLTR.US-24,5449,2026-W07,-1,HIGH,10,9,10,9,10,9,10,9,10,7
US_EQUITY_EXTENDED_HOURS,PLTR.US-24,5449,2026-W07,-1,LOW,6,26,6,26,6,26,6,26,6,26
US_EQUITY_EXTENDED_HOURS,PLTR.US-24,5449,2026-W07,1,HIGH,2,17,2,17,2,17,2,17,1,17
US_EQUITY_EXTENDED_HOURS,PLTR.US-24,5449,2026-W07,1,LOW,7,23,7,23,7,23,7,22,7,22
US_EQUITY_EXTENDED_HOURS,PLTR.US-24,5449,2026-W08,-1,HIGH,1,14,1,13,1,13,1,12,1,11
US_EQUITY_EXTENDED_HOURS,PLTR.US-24,5449,2026-W08,-1,LOW,2,24,2,24,2,24,2,24,2,24
US_EQUITY_EXTENDED_HOURS,PLTR.US-24,5449,2026-W08,1,HIGH,5,9,5,9,5,8,5,8,5,6
US_EQUITY_EXTENDED_HOURS,PLTR.US-24,5449,2026-W08,1,LOW,10,18,10,18,10,18,10,18,10,18
US_EQUITY_EXTENDED_HOURS,PLTR.US-24,5449,2026-W09,-1,HIGH,5,22,5,22,5,22,5,22,5,22
US_EQUITY_EXTENDED_HOURS,PLTR.US-24,5449,2026-W09,-1,LOW,4,16,4,16,4,16,4,16,4,16
US_EQUITY_EXTENDED_HOURS,PLTR.US-24,5449,2026-W09,1,HIGH,9,19,9,19,9,19,9,19,9,18
US_EQUITY_EXTENDED_HOURS,PLTR.US-24,5449,2026-W09,1,LOW,5,16,5,16,5,16,5,16,5,16
US_EQUITY_EXTENDED_HOURS,PLTR.US-24,5449,2026-W10,-1,HIGH,4,14,4,14,4,14,4,14,4,13
US_EQUITY_EXTENDED_HOURS,PLTR.US-24,5449,2026-W10,-1,LOW,2,20,2,20,2,20,2,20,2,20
US_EQUITY_EXTENDED_HOURS,PLTR.US-24,5449,2026-W10,1,HIGH,6,11,6,11,6,11,6,11,6,11
US_EQUITY_EXTENDED_HOURS,PLTR.US-24,5449,2026-W10,1,LOW,4,19,4,19,4,19,4,19,4,19
US_EQUITY_EXTENDED_HOURS,PLTR.US-24,5449,2026-W11,-1,HIGH,6,9,6,9,6,9,6,9,4,7
US_EQUITY_EXTENDED_HOURS,PLTR.US-24,5449,2026-W11,-1,LOW,7,12,7,12,7,12,7,12,7,12
US_EQUITY_EXTENDED_HOURS,PLTR.US-24,5449,2026-W11,1,HIGH,3,10,3,9,3,9,3,9,3,7
US_EQUITY_EXTENDED_HOURS,PLTR.US-24,5449,2026-W11,1,LOW,0,22,0,22,0,22,0,22,0,22
US_EQUITY_EXTENDED_HOURS,PLTR.US-24,5449,2026-W12,-1,HIGH,8,15,8,15,8,15,8,15,7,15
US_EQUITY_EXTENDED_HOURS,PLTR.US-24,5449,2026-W12,-1,LOW,1,18,1,18,1,18,1,18,1,16
US_EQUITY_EXTENDED_HOURS,PLTR.US-24,5449,2026-W12,1,HIGH,12,11,12,11,12,11,12,11,12,10
US_EQUITY_EXTENDED_HOURS,PLTR.US-24,5449,2026-W12,1,LOW,10,9,10,9,10,9,10,9,9,9
US_EQUITY_EXTENDED_HOURS,PLTR.US-24,5449,2026-W13,-1,HIGH,12,6,12,6,12,6,11,6,10,6
US_EQUITY_EXTENDED_HOURS,PLTR.US-24,5449,2026-W13,-1,LOW,6,15,6,15,6,15,6,14,6,13
US_EQUITY_EXTENDED_HOURS,PLTR.US-24,5449,2026-W13,1,HIGH,2,18,2,18,2,18,2,17,2,16
US_EQUITY_EXTENDED_HOURS,PLTR.US-24,5449,2026-W13,1,LOW,8,11,8,11,8,11,8,11,7,11
US_EQUITY_EXTENDED_HOURS,PLTR.US-24,5449,2026-W14,-1,HIGH,2,14,2,14,2,14,2,14,1,12
US_EQUITY_EXTENDED_HOURS,PLTR.US-24,5449,2026-W14,-1,LOW,4,11,4,10,4,10,4,10,3,9
US_EQUITY_EXTENDED_HOURS,PLTR.US-24,5449,2026-W14,1,HIGH,6,9,6,9,6,9,6,9,6,8
US_EQUITY_EXTENDED_HOURS,PLTR.US-24,5449,2026-W14,1,LOW,7,6,7,6,7,6,7,6,6,5
US_EQUITY_EXTENDED_HOURS,PLTR.US-24,5449,2026-W15,-1,HIGH,10,10,10,10,9,10,8,10,7,10
US_EQUITY_EXTENDED_HOURS,PLTR.US-24,5449,2026-W15,-1,LOW,1,15,1,15,1,15,1,15,1,15
US_EQUITY_EXTENDED_HOURS,PLTR.US-24,5449,2026-W15,1,HIGH,3,16,3,15,3,15,3,15,3,14
US_EQUITY_EXTENDED_HOURS,PLTR.US-24,5449,2026-W15,1,LOW,3,14,3,14,3,14,3,14,3,13
US_EQUITY_EXTENDED_HOURS,PLTR.US-24,5449,2026-W16,-1,HIGH,2,24,2,24,2,24,2,24,2,22
US_EQUITY_EXTENDED_HOURS,PLTR.US-24,5449,2026-W16,-1,LOW,1,22,1,22,1,22,1,21,1,21
US_EQUITY_EXTENDED_HOURS,PLTR.US-24,5449,2026-W16,1,HIGH,14,9,14,9,14,9,14,9,12,8
US_EQUITY_EXTENDED_HOURS,PLTR.US-24,5449,2026-W16,1,LOW,11,13,11,13,11,13,11,13,11,13
US_EQUITY_EXTENDED_HOURS,PLTR.US-24,5449,2026-W17,-1,HIGH,9,21,9,21,9,21,9,20,9,19
US_EQUITY_EXTENDED_HOURS,PLTR.US-24,5449,2026-W17,-1,LOW,2,22,2,22,2,22,2,22,2,22
US_EQUITY_EXTENDED_HOURS,PLTR.US-24,5449,2026-W17,1,HIGH,8,26,8,25,8,25,8,24,8,24
US_EQUITY_EXTENDED_HOURS,PLTR.US-24,5449,2026-W17,1,LOW,12,9,12,9,12,9,12,9,12,9
US_EQUITY_EXTENDED_HOURS,PLTR.US-24,5449,2026-W18,-1,HIGH,9,14,9,14,9,14,9,14,9,14
US_EQUITY_EXTENDED_HOURS,PLTR.US-24,5449,2026-W18,-1,LOW,2,23,2,23,2,22,2,22,2,20
US_EQUITY_EXTENDED_HOURS,PLTR.US-24,5449,2026-W18,1,HIGH,4,20,4,20,4,20,4,20,4,20
US_EQUITY_EXTENDED_HOURS,PLTR.US-24,5449,2026-W18,1,LOW,4,19,4,19,4,19,4,18,3,18
US_EQUITY_EXTENDED_HOURS,PLTR.US-24,5449,2026-W19,-1,HIGH,9,15,9,15,9,15,9,15,9,14
US_EQUITY_EXTENDED_HOURS,PLTR.US-24,5449,2026-W19,-1,LOW,4,14,4,14,4,14,4,14,4,14
US_EQUITY_EXTENDED_HOURS,PLTR.US-24,5449,2026-W19,1,HIGH,1,23,1,23,1,23,1,23,1,21
US_EQUITY_EXTENDED_HOURS,PLTR.US-24,5449,2026-W19,1,LOW,7,14,7,14,7,14,7,14,7,14
US_EQUITY_EXTENDED_HOURS,PLTR.US-24,5449,2026-W20,-1,HIGH,8,15,8,15,8,15,8,15,8,13
US_EQUITY_EXTENDED_HOURS,PLTR.US-24,5449,2026-W20,-1,LOW,5,17,5,17,5,17,5,17,5,17
US_EQUITY_EXTENDED_HOURS,PLTR.US-24,5449,2026-W20,1,HIGH,5,19,5,19,5,19,5,19,4,19
US_EQUITY_EXTENDED_HOURS,PLTR.US-24,5449,2026-W20,1,LOW,3,18,3,18,3,18,3,18,3,18
US_EQUITY_EXTENDED_HOURS,PLTR.US-24,5449,2026-W21,-1,HIGH,4,13,4,13,4,13,4,12,3,10
US_EQUITY_EXTENDED_HOURS,PLTR.US-24,5449,2026-W21,-1,LOW,3,16,3,16,3,16,3,16,3,16
US_EQUITY_EXTENDED_HOURS,PLTR.US-24,5449,2026-W21,1,HIGH,6,13,6,13,6,13,5,13,4,12
US_EQUITY_EXTENDED_HOURS,PLTR.US-24,5449,2026-W21,1,LOW,9,11,9,11,9,11,9,11,9,11
US_EQUITY_EXTENDED_HOURS,PLTR.US-24,5449,2026-W22,-1,HIGH,6,18,6,18,6,17,6,17,6,15
US_EQUITY_EXTENDED_HOURS,PLTR.US-24,5449,2026-W22,-1,LOW,1,5,1,5,1,5,1,5,1,5
US_EQUITY_EXTENDED_HOURS,PLTR.US-24,5449,2026-W22,1,HIGH,11,11,11,11,11,11,11,11,9,10
US_EQUITY_EXTENDED_HOURS,PLTR.US-24,5449,2026-W22,1,LOW,1,5,1,5,1,5,1,5,1,5
US_EQUITY_EXTENDED_HOURS,PLTR.US-24,5449,2026-W23,-1,HIGH,9,14,9,14,9,14,8,14,8,14
US_EQUITY_EXTENDED_HOURS,PLTR.US-24,5449,2026-W23,-1,LOW,10,6,10,6,10,6,10,6,10,6
US_EQUITY_EXTENDED_HOURS,PLTR.US-24,5449,2026-W23,1,HIGH,3,18,3,18,3,18,3,17,3,17
US_EQUITY_EXTENDED_HOURS,PLTR.US-24,5449,2026-W23,1,LOW,0,17,0,17,0,17,0,17,0,17
US_EQUITY_EXTENDED_HOURS,PLTR.US-24,5449,2026-W24,-1,HIGH,9,16,9,16,9,16,9,16,5,16
US_EQUITY_EXTENDED_HOURS,PLTR.US-24,5449,2026-W24,-1,LOW,9,21,9,21,9,21,9,20,9,20
US_EQUITY_EXTENDED_HOURS,PLTR.US-24,5449,2026-W24,1,HIGH,1,21,1,21,1,21,1,21,1,18
US_EQUITY_EXTENDED_HOURS,PLTR.US-24,5449,2026-W24,1,LOW,13,19,13,19,13,19,13,18,13,18
US_EQUITY_EXTENDED_HOURS,PLTR.US-24,5449,2026-W25,-1,HIGH,6,14,6,14,6,14,6,14,6,13
US_EQUITY_EXTENDED_HOURS,PLTR.US-24,5449,2026-W25,-1,LOW,5,12,5,12,5,12,5,12,5,12
US_EQUITY_EXTENDED_HOURS,PLTR.US-24,5449,2026-W25,1,HIGH,4,14,4,14,4,14,4,14,4,13
US_EQUITY_EXTENDED_HOURS,PLTR.US-24,5449,2026-W25,1,LOW,5,13,5,13,5,13,5,13,5,13
US_EQUITY_EXTENDED_HOURS,PLTR.US-24,5449,2026-W26,-1,HIGH,14,15,14,15,14,15,14,15,14,14
US_EQUITY_EXTENDED_HOURS,PLTR.US-24,5449,2026-W26,-1,LOW,10,10,10,9,10,9,10,8,10,8
US_EQUITY_EXTENDED_HOURS,PLTR.US-24,5449,2026-W26,1,HIGH,5,21,5,21,5,21,5,21,3,21
US_EQUITY_EXTENDED_HOURS,PLTR.US-24,5449,2026-W26,1,LOW,1,21,1,21,1,21,1,21,1,21
US_EQUITY_EXTENDED_HOURS,PLTR.US-24,5449,2026-W27,-1,HIGH,1,16,1,16,1,16,1,15,1,15
US_EQUITY_EXTENDED_HOURS,PLTR.US-24,5449,2026-W27,-1,LOW,1,17,1,17,1,17,1,17,1,17
US_EQUITY_EXTENDED_HOURS,PLTR.US-24,5449,2026-W27,1,HIGH,9,9,9,9,9,9,9,9,9,8
US_EQUITY_EXTENDED_HOURS,PLTR.US-24,5449,2026-W27,1,LOW,10,6,10,6,10,6,10,6,10,6
US_EQUITY_EXTENDED_HOURS,PLTR.US-24,5449,2026-W28,-1,HIGH,8,11,8,11,8,11,7,11,6,11
US_EQUITY_EXTENDED_HOURS,PLTR.US-24,5449,2026-W28,-1,LOW,7,20,7,20,7,20,7,20,7,20
US_EQUITY_EXTENDED_HOURS,PLTR.US-24,5449,2026-W28,1,HIGH,3,17,3,17,3,17,3,17,3,16
US_EQUITY_EXTENDED_HOURS,PLTR.US-24,5449,2026-W28,1,LOW,8,16,8,16,8,16,8,16,8,16
US_EQUITY_EXTENDED_HOURS,PLTR.US-24,5449,2026-W29,-1,HIGH,1,17,1,17,1,17,1,17,0,17
US_EQUITY_EXTENDED_HOURS,PLTR.US-24,5449,2026-W29,-1,LOW,2,17,2,17,2,17,2,17,2,16
US_EQUITY_EXTENDED_HOURS,PLTR.US-24,5449,2026-W29,1,HIGH,7,11,7,11,7,11,7,11,7,10
US_EQUITY_EXTENDED_HOURS,PLTR.US-24,5449,2026-W29,1,LOW,5,13,5,13,5,12,5,12,4,11
US_EQUITY_EXTENDED_HOURS,PLTR.US-24,5449,2026-W30,-1,HIGH,0,10,0,10,0,10,0,10,0,7
US_EQUITY_EXTENDED_HOURS,PLTR.US-24,5449,2026-W30,-1,LOW,3,6,3,6,3,6,3,6,2,3
US_EQUITY_EXTENDED_HOURS,PLTR.US-24,5449,2026-W30,1,HIGH,3,5,3,5,3,5,3,5,3,2
US_EQUITY_EXTENDED_HOURS,PLTR.US-24,5449,2026-W30,1,LOW,2,8,2,8,1,8,1,7,1,4
US_EQUITY_EXTENDED_HOURS,PLTR.US-24,5449,2026-W31,-1,HIGH,8,14,8,14,8,14,8,14,6,14
US_EQUITY_EXTENDED_HOURS,PLTR.US-24,5449,2026-W31,-1,LOW,3,18,2,18,2,18,2,18,2,15
US_EQUITY_EXTENDED_HOURS,PLTR.US-24,5449,2026-W31,1,HIGH,6,18,6,18,6,18,6,18,6,16
US_EQUITY_EXTENDED_HOURS,PLTR.US-24,5449,2026-W31,1,LOW,3,12,3,12,3,12,3,11,3,10
US_EQUITY_EXTENDED_HOURS,PLTR.US-24,5449,2026-W32,-1,HIGH,4,13,4,13,4,13,4,13,4,12
US_EQUITY_EXTENDED_HOURS,PLTR.US-24,5449,2026-W32,-1,LOW,8,17,8,17,8,17,8,17,8,17
US_EQUITY_EXTENDED_HOURS,PLTR.US-24,5449,2026-W32,1,HIGH,7,9,7,9,7,9,7,9,7,8
US_EQUITY_EXTENDED_HOURS,PLTR.US-24,5449,2026-W32,1,LOW,9,17,9,17,9,17,9,17,9,17
US_EQUITY_EXTENDED_HOURS,PLTR.US-24,5449,2026-W33,-1,HIGH,1,17,1,17,1,17,1,17,1,16
US_EQUITY_EXTENDED_HOURS,PLTR.US-24,5449,2026-W33,-1,LOW,5,17,5,17,5,17,5,17,5,17
US_EQUITY_EXTENDED_HOURS,PLTR.US-24,5449,2026-W33,1,HIGH,8,8,8,8,8,8,8,8,8,7
US_EQUITY_EXTENDED_HOURS,PLTR.US-24,5449,2026-W33,1,LOW,5,20,5,20,5,20,5,20,5,19
US_EQUITY_EXTENDED_HOURS,PLTR.US-24,5449,2026-W34,-1,HIGH,2,14,2,13,2,13,2,13,2,10
US_EQUITY_EXTENDED_HOURS,PLTR.US-24,5449,2026-W34,-1,LOW,10,8,9,7,9,7,8,7,6,6
US_EQUITY_EXTENDED_HOURS,PLTR.US-24,5449,2026-W34,1,HIGH,4,11,4,11,4,11,4,11,2,10
US_EQUITY_EXTENDED_HOURS,PLTR.US-24,5449,2026-W34,1,LOW,3,12,3,12,3,11,3,10,3,7
US_EQUITY_EXTENDED_HOURS,PLTR.US-24,5449,2026-W35,-1,HIGH,1,12,1,12,1,12,1,12,1,12
US_EQUITY_EXTENDED_HOURS,PLTR.US-24,5449,2026-W35,-1,LOW,9,11,9,11,9,11,9,11,7,11
US_EQUITY_EXTENDED_HOURS,PLTR.US-24,5449,2026-W35,1,HIGH,6,6,6,6,6,6,6,6,6,6
US_EQUITY_EXTENDED_HOURS,PLTR.US-24,5449,2026-W35,1,LOW,2,18,2,18,2,18,2,18,2,15
US_EQUITY_EXTENDED_HOURS,PLTR.US-24,5449,2026-W36,-1,HIGH,3,6,3,6,3,6,3,6,2,5
US_EQUITY_EXTENDED_HOURS,PLTR.US-24,5449,2026-W36,-1,LOW,6,12,6,12,5,12,5,12,4,12
US_EQUITY_EXTENDED_HOURS,PLTR.US-24,5449,2026-W36,1,HIGH,5,5,5,5,5,4,5,4,5,3
US_EQUITY_EXTENDED_HOURS,PLTR.US-24,5449,2026-W36,1,LOW,5,13,5,11,5,11,5,10,4,9
US_EQUITY_EXTENDED_HOURS,PLTR.US-24,5449,2026-W37,-1,HIGH,4,3,4,3,4,3,4,3,2,3
US_EQUITY_EXTENDED_HOURS,PLTR.US-24,5449,2026-W37,-1,LOW,2,1,2,1,2,1,1,0,0,0
US_EQUITY_EXTENDED_HOURS,PLTR.US-24,5449,2026-W37,1,HIGH,0,6,0,6,0,6,0,6,0,3
US_EQUITY_EXTENDED_HOURS,PLTR.US-24,5449,2026-W37,1,LOW,0,3,0,3,0,3,0,2,0,0
US_EQUITY_EXTENDED_HOURS,PLTR.US-24,5449,2026-W38,-1,HIGH,1,6,1,6,1,6,1,6,1,4
US_EQUITY_EXTENDED_HOURS,PLTR.US-24,5449,2026-W38,-1,LOW,0,4,0,4,0,4,0,3,0,1
US_EQUITY_EXTENDED_HOURS,PLTR.US-24,5449,2026-W38,1,HIGH,5,1,5,1,5,1,5,1,2,1
US_EQUITY_EXTENDED_HOURS,PLTR.US-24,5449,2026-W38,1,LOW,2,3,2,3,2,3,2,3,2,0
US_EQUITY_EXTENDED_HOURS,TSLA.US-24,3025,2025-W38,-1,HIGH,5,7,5,7,5,7,5,7,5,7
US_EQUITY_EXTENDED_HOURS,TSLA.US-24,3025,2025-W38,-1,LOW,1,8,1,8,1,7,1,7,1,5
US_EQUITY_EXTENDED_HOURS,TSLA.US-24,3025,2025-W38,1,HIGH,5,7,5,7,5,7,5,7,4,7
US_EQUITY_EXTENDED_HOURS,TSLA.US-24,3025,2025-W38,1,LOW,3,6,3,6,3,6,2,6,2,5
US_EQUITY_EXTENDED_HOURS,TSLA.US-24,3025,2025-W39,-1,HIGH,10,18,10,18,10,18,10,18,10,17
US_EQUITY_EXTENDED_HOURS,TSLA.US-24,3025,2025-W39,-1,LOW,7,13,7,13,7,13,7,13,7,13
US_EQUITY_EXTENDED_HOURS,TSLA.US-24,3025,2025-W39,1,HIGH,11,17,11,17,11,17,10,17,10,17
US_EQUITY_EXTENDED_HOURS,TSLA.US-24,3025,2025-W39,1,LOW,3,17,3,17,3,17,3,17,3,17
US_EQUITY_EXTENDED_HOURS,TSLA.US-24,3025,2025-W40,-1,HIGH,6,15,6,15,6,15,6,15,6,15
US_EQUITY_EXTENDED_HOURS,TSLA.US-24,3025,2025-W40,-1,LOW,7,21,7,21,7,21,7,21,7,21
US_EQUITY_EXTENDED_HOURS,TSLA.US-24,3025,2025-W40,1,HIGH,8,13,8,13,8,13,8,13,8,12
US_EQUITY_EXTENDED_HOURS,TSLA.US-24,3025,2025-W40,1,LOW,8,20,8,20,8,20,8,20,8,20
US_EQUITY_EXTENDED_HOURS,TSLA.US-24,3025,2025-W41,-1,HIGH,11,12,11,12,11,12,11,12,10,12
US_EQUITY_EXTENDED_HOURS,TSLA.US-24,3025,2025-W41,-1,LOW,7,16,7,16,7,16,7,16,7,16
US_EQUITY_EXTENDED_HOURS,TSLA.US-24,3025,2025-W41,1,HIGH,4,18,4,18,4,18,4,18,4,17
US_EQUITY_EXTENDED_HOURS,TSLA.US-24,3025,2025-W41,1,LOW,4,19,4,19,4,19,4,19,4,19
US_EQUITY_EXTENDED_HOURS,TSLA.US-24,3025,2025-W42,-1,HIGH,10,13,10,13,10,13,10,12,10,10
US_EQUITY_EXTENDED_HOURS,TSLA.US-24,3025,2025-W42,-1,LOW,1,28,1,28,1,28,1,28,1,28
US_EQUITY_EXTENDED_HOURS,TSLA.US-24,3025,2025-W42,1,HIGH,9,18,8,18,8,18,8,18,6,18
US_EQUITY_EXTENDED_HOURS,TSLA.US-24,3025,2025-W42,1,LOW,13,12,13,12,13,12,13,12,13,12
US_EQUITY_EXTENDED_HOURS,TSLA.US-24,3025,2025-W43,-1,HIGH,7,15,7,15,7,15,7,15,7,15
US_EQUITY_EXTENDED_HOURS,TSLA.US-24,3025,2025-W43,-1,LOW,4,20,4,20,4,20,4,20,4,20
US_EQUITY_EXTENDED_HOURS,TSLA.US-24,3025,2025-W43,1,HIGH,6,14,6,14,6,14,6,14,6,14
US_EQUITY_EXTENDED_HOURS,TSLA.US-24,3025,2025-W43,1,LOW,6,20,6,20,6,20,6,20,6,19
US_EQUITY_EXTENDED_HOURS,TSLA.US-24,3025,2025-W44,-1,HIGH,8,15,8,15,8,15,8,15,8,15
US_EQUITY_EXTENDED_HOURS,TSLA.US-24,3025,2025-W44,-1,LOW,2,16,2,16,2,16,2,16,2,16
US_EQUITY_EXTENDED_HOURS,TSLA.US-24,3025,2025-W44,1,HIGH,3,22,3,22,3,22,3,22,3,21
US_EQUITY_EXTENDED_HOURS,TSLA.US-24,3025,2025-W44,1,LOW,8,8,8,8,8,8,8,8,8,8
US_EQUITY_EXTENDED_HOURS,TSLA.US-24,3025,2025-W45,-1,HIGH,12,11,12,11,12,11,12,11,12,10
US_EQUITY_EXTENDED_HOURS,TSLA.US-24,3025,2025-W45,-1,LOW,0,17,0,17,0,17,0,17,0,17
US_EQUITY_EXTENDED_HOURS,TSLA.US-24,3025,2025-W45,1,HIGH,3,21,3,21,3,21,3,21,3,20
US_EQUITY_EXTENDED_HOURS,TSLA.US-24,3025,2025-W45,1,LOW,6,11,6,11,6,11,6,11,6,11
US_EQUITY_EXTENDED_HOURS,TSLA.US-24,3025,2025-W46,-1,HIGH,7,16,7,16,7,16,7,16,7,14
US_EQUITY_EXTENDED_HOURS,TSLA.US-24,3025,2025-W46,-1,LOW,2,15,2,15,2,15,2,15,2,15
US_EQUITY_EXTENDED_HOURS,TSLA.US-24,3025,2025-W46,1,HIGH,5,18,5,18,5,18,5,18,4,18
US_EQUITY_EXTENDED_HOURS,TSLA.US-24,3025,2025-W46,1,LOW,3,15,3,15,3,15,3,15,3,15
US_EQUITY_EXTENDED_HOURS,TSLA.US-24,3025,2025-W47,-1,HIGH,9,18,9,18,9,18,9,18,8,17
US_EQUITY_EXTENDED_HOURS,TSLA.US-24,3025,2025-W47,-1,LOW,4,18,4,18,4,18,4,18,4,18
US_EQUITY_EXTENDED_HOURS,TSLA.US-24,3025,2025-W47,1,HIGH,7,21,7,21,7,21,7,21,7,20
US_EQUITY_EXTENDED_HOURS,TSLA.US-24,3025,2025-W47,1,LOW,3,17,3,17,3,17,3,17,3,17
US_EQUITY_EXTENDED_HOURS,TSLA.US-24,3025,2025-W48,-1,HIGH,1,6,1,6,1,6,1,6,1,6
US_EQUITY_EXTENDED_HOURS,TSLA.US-24,3025,2025-W48,-1,LOW,0,17,0,17,0,17,0,17,0,16
US_EQUITY_EXTENDED_HOURS,TSLA.US-24,3025,2025-W48,1,HIGH,3,5,3,5,3,5,3,5,3,5
US_EQUITY_EXTENDED_HOURS,TSLA.US-24,3025,2025-W48,1,LOW,10,7,10,7,10,7,9,7,9,7
US_EQUITY_EXTENDED_HOURS,TSLA.US-24,3025,2025-W49,-1,HIGH,0,28,0,28,0,28,0,28,0,26
US_EQUITY_EXTENDED_HOURS,TSLA.US-24,3025,2025-W49,-1,LOW,3,19,3,19,3,19,2,19,2,19
US_EQUITY_EXTENDED_HOURS,TSLA.US-24,3025,2025-W49,1,HIGH,17,13,17,13,17,13,17,13,16,12
US_EQUITY_EXTENDED_HOURS,TSLA.US-24,3025,2025-W49,1,LOW,8,13,8,13,8,13,8,13,8,12
US_EQUITY_EXTENDED_HOURS,TSLA.US-24,3025,2025-W50,-1,HIGH,4,17,4,17,4,17,4,17,4,16
US_EQUITY_EXTENDED_HOURS,TSLA.US-24,3025,2025-W50,-1,LOW,8,21,8,21,8,21,8,21,8,21
US_EQUITY_EXTENDED_HOURS,TSLA.US-24,3025,2025-W50,1,HIGH,6,17,6,17,6,17,6,17,5,17
US_EQUITY_EXTENDED_HOURS,TSLA.US-24,3025,2025-W50,1,LOW,2,24,2,24,2,24,2,24,2,24
US_EQUITY_EXTENDED_HOURS,TSLA.US-24,3025,2025-W51,-1,HIGH,5,18,5,18,5,18,5,18,5,17
US_EQUITY_EXTENDED_HOURS,TSLA.US-24,3025,2025-W51,-1,LOW,0,25,0,25,0,25,0,25,0,25
US_EQUITY_EXTENDED_HOURS,TSLA.US-24,3025,2025-W51,1,HIGH,7,15,7,15,7,14,7,14,7,14
US_EQUITY_EXTENDED_HOURS,TSLA.US-24,3025,2025-W51,1,LOW,11,15,11,15,11,15,11,15,11,15
US_EQUITY_EXTENDED_HOURS,TSLA.US-24,3025,2025-W52,-1,HIGH,5,3,5,3,5,3,5,3,5,2
US_EQUITY_EXTENDED_HOURS,TSLA.US-24,3025,2025-W52,-1,LOW,4,10,4,10,4,10,4,10,4,9
US_EQUITY_EXTENDED_HOURS,TSLA.US-24,3025,2025-W52,1,HIGH,0,12,0,12,0,12,0,12,0,10
US_EQUITY_EXTENDED_HOURS,TSLA.US-24,3025,2025-W52,1,LOW,3,9,3,9,3,9,3,9,3,9
US_EQUITY_EXTENDED_HOURS,TSLA.US-24,3025,2026-W01,-1,HIGH,6,11,6,11,6,11,6,11,5,6
US_EQUITY_EXTENDED_HOURS,TSLA.US-24,3025,2026-W01,-1,LOW,2,9,2,9,2,9,2,8,2,8
US_EQUITY_EXTENDED_HOURS,TSLA.US-24,3025,2026-W01,1,HIGH,0,15,0,14,0,14,0,14,0,10
US_EQUITY_EXTENDED_HOURS,TSLA.US-24,3025,2026-W01,1,LOW,2,12,2,12,2,12,2,11,2,11
US_EQUITY_EXTENDED_HOURS,TSLA.US-24,3025,2026-W02,-1,HIGH,3,15,3,15,3,15,3,14,3,13
US_EQUITY_EXTENDED_HOURS,TSLA.US-24,3025,2026-W02,-1,LOW,7,22,7,22,7,22,7,22,7,22
US_EQUITY_EXTENDED_HOURS,TSLA.US-24,3025,2026-W02,1,HIGH,6,12,6,12,6,12,6,12,5,12
US_EQUITY_EXTENDED_HOURS,TSLA.US-24,3025,2026-W02,1,LOW,9,18,9,18,9,18,9,18,9,18
US_EQUITY_EXTENDED_HOURS,TSLA.US-24,3025,2026-W03,-1,HIGH,6,15,6,15,6,15,6,15,5,14
US_EQUITY_EXTENDED_HOURS,TSLA.US-24,3025,2026-W03,-1,LOW,4,22,4,22,4,22,4,22,4,22
US_EQUITY_EXTENDED_HOURS,TSLA.US-24,3025,2026-W03,1,HIGH,4,16,4,16,4,16,4,16,4,14
US_EQUITY_EXTENDED_HOURS,TSLA.US-24,3025,2026-W03,1,LOW,4,24,4,24,4,24,4,24,4,24
US_EQUITY_EXTENDED_HOURS,TSLA.US-24,3025,2026-W04,-1,HIGH,4,7,4,7,4,7,4,7,4,7
US_EQUITY_EXTENDED_HOURS,TSLA.US-24,3025,2026-W04,-1,LOW,1,15,1,15,1,15,1,15,1,15
US_EQUITY_EXTENDED_HOURS,TSLA.US-24,3025,2026-W04,1,HIGH,4,8,4,8,4,8,4,8,4,7
US_EQUITY_EXTENDED_HOURS,TSLA.US-24,3025,2026-W04,1,LOW,7,8,7,8,7,8,7,8,7,8
US_EQUITY_EXTENDED_HOURS,TSLA.US-24,3025,2026-W05,-1,HIGH,6,15,6,15,6,15,6,15,6,13
US_EQUITY_EXTENDED_HOURS,TSLA.US-24,3025,2026-W05,-1,LOW,3,22,3,22,3,22,3,22,3,21
US_EQUITY_EXTENDED_HOURS,TSLA.US-24,3025,2026-W05,1,HIGH,8,10,8,10,8,10,8,10,6,10
US_EQUITY_EXTENDED_HOURS,TSLA.US-24,3025,2026-W05,1,LOW,4,25,4,25,4,25,4,25,4,25
US_EQUITY_EXTENDED_HOURS,TSLA.US-24,3025,2026-W06,-1,HIGH,8,14,8,14,8,14,8,14,8,13
US_EQUITY_EXTENDED_HOURS,TSLA.US-24,3025,2026-W06,-1,LOW,6,20,6,20,6,20,6,20,6,19
US_EQUITY_EXTENDED_HOURS,TSLA.US-24,3025,2026-W06,1,HIGH,4,22,4,22,4,22,4,22,4,22
US_EQUITY_EXTENDED_HOURS,TSLA.US-24,3025,2026-W06,1,LOW,7,16,7,16,7,16,7,16,6,16
US_EQUITY_EXTENDED_HOURS,TSLA.US-24,3025,2026-W07,-1,HIGH,9,15,9,15,9,15,9,15,9,13
US_EQUITY_EXTENDED_HOURS,TSLA.US-24,3025,2026-W07,-1,LOW,3,22,3,22,3,22,3,22,3,22
US_EQUITY_EXTENDED_HOURS,TSLA.US-24,3025,2026-W07,1,HIGH,6,15,6,15,6,15,6,15,6,14
US_EQUITY_EXTENDED_HOURS,TSLA.US-24,3025,2026-W07,1,LOW,11,15,11,15,11,15,11,15,11,15
US_EQUITY_EXTENDED_HOURS,TSLA.US-24,3025,2026-W08,-1,HIGH,8,12,8,12,8,12,8,12,8,11
US_EQUITY_EXTENDED_HOURS,TSLA.US-24,3025,2026-W08,-1,LOW,1,14,1,14,1,14,1,14,1,14
US_EQUITY_EXTENDED_HOURS,TSLA.US-24,3025,2026-W08,1,HIGH,4,14,4,14,4,14,4,14,3,13
US_EQUITY_EXTENDED_HOURS,TSLA.US-24,3025,2026-W08,1,LOW,5,12,5,12,5,12,5,12,5,12
US_EQUITY_EXTENDED_HOURS,TSLA.US-24,3025,2026-W09,-1,HIGH,6,15,6,15,6,15,6,15,5,15
US_EQUITY_EXTENDED_HOURS,TSLA.US-24,3025,2026-W09,-1,LOW,8,19,8,19,8,19,8,19,8,19
US_EQUITY_EXTENDED_HOURS,TSLA.US-24,3025,2026-W09,1,HIGH,8,15,8,15,8,15,8,15,8,13
US_EQUITY_EXTENDED_HOURS,TSLA.US-24,3025,2026-W09,1,LOW,5,22,5,22,5,22,5,22,5,22
US_EQUITY_EXTENDED_HOURS,TSLA.US-24,3025,2026-W10,-1,HIGH,3,20,3,20,3,20,3,20,3,18
US_EQUITY_EXTENDED_HOURS,TSLA.US-24,3025,2026-W10,-1,LOW,6,13,6,13,6,13,6,13,6,13
US_EQUITY_EXTENDED_HOURS,TSLA.US-24,3025,2026-W10,1,HIGH,8,15,8,15,8,15,8,15,8,13
US_EQUITY_EXTENDED_HOURS,TSLA.US-24,3025,2026-W10,1,LOW,3,15,3,15,3,15,3,15,3,15
US_EQUITY_EXTENDED_HOURS,TSLA.US-24,3025,2026-W11,-1,HIGH,5,18,5,18,5,18,5,18,4,18
US_EQUITY_EXTENDED_HOURS,TSLA.US-24,3025,2026-W11,-1,LOW,11,17,11,17,11,17,11,17,11,16
US_EQUITY_EXTENDED_HOURS,TSLA.US-24,3025,2026-W11,1,HIGH,9,10,9,10,9,10,9,10,9,10
US_EQUITY_EXTENDED_HOURS,TSLA.US-24,3025,2026-W11,1,LOW,4,27,4,27,4,27,4,27,4,26
US_EQUITY_EXTENDED_HOURS,TSLA.US-24,3025,2026-W12,-1,HIGH,9,11,9,11,9,11,9,11,9,11
US_EQUITY_EXTENDED_HOURS,TSLA.US-24,3025,2026-W12,-1,LOW,4,22,4,22,4,22,4,22,4,22
US_EQUITY_EXTENDED_HOURS,TSLA.US-24,3025,2026-W12,1,HIGH,5,16,5,16,5,16,5,15,5,15
US_EQUITY_EXTENDED_HOURS,TSLA.US-24,3025,2026-W12,1,LOW,5,21,5,21,5,21,5,21,5,21
US_EQUITY_EXTENDED_HOURS,TSLA.US-24,3025,2026-W13,-1,HIGH,8,5,8,5,7,5,7,5,6,5
US_EQUITY_EXTENDED_HOURS,TSLA.US-24,3025,2026-W13,-1,LOW,6,19,6,19,6,18,6,18,6,17
US_EQUITY_EXTENDED_HOURS,TSLA.US-24,3025,2026-W13,1,HIGH,3,11,3,11,3,11,3,11,3,9
US_EQUITY_EXTENDED_HOURS,TSLA.US-24,3025,2026-W13,1,LOW,6,16,6,16,6,16,6,16,6,14
US_EQUITY_EXTENDED_HOURS,TSLA.US-24,3025,2026-W14,-1,HIGH,6,10,6,10,6,10,6,10,3,10
US_EQUITY_EXTENDED_HOURS,TSLA.US-24,3025,2026-W14,-1,LOW,1,14,1,14,1,14,1,14,1,14
US_EQUITY_EXTENDED_HOURS,TSLA.US-24,3025,2026-W14,1,HIGH,5,11,5,11,5,11,5,11,5,7
US_EQUITY_EXTENDED_HOURS,TSLA.US-24,3025,2026-W14,1,LOW,5,10,5,10,5,10,5,10,5,10
US_EQUITY_EXTENDED_HOURS,TSLA.US-24,3025,2026-W15,-1,HIGH,10,9,10,9,10,9,10,9,9,9
US_EQUITY_EXTENDED_HOURS,TSLA.US-24,3025,2026-W15,-1,LOW,3,20,3,20,3,20,3,20,3,20
US_EQUITY_EXTENDED_HOURS,TSLA.US-24,3025,2026-W15,1,HIGH,3,16,3,16,3,16,3,16,3,14
US_EQUITY_EXTENDED_HOURS,TSLA.US-24,3025,2026-W15,1,LOW,8,17,8,17,8,17,8,17,8,17
US_EQUITY_EXTENDED_HOURS,TSLA.US-24,3025,2026-W16,-1,HIGH,1,21,1,21,1,21,1,21,1,19
US_EQUITY_EXTENDED_HOURS,TSLA.US-24,3025,2026-W16,-1,LOW,5,14,5,14,5,14,5,14,5,14
US_EQUITY_EXTENDED_HOURS,TSLA.US-24,3025,2026-W16,1,HIGH,15,7,15,7,15,7,15,7,14,6
US_EQUITY_EXTENDED_HOURS,TSLA.US-24,3025,2026-W16,1,LOW,3,15,3,15,3,15,3,15,3,15
US_EQUITY_EXTENDED_HOURS,TSLA.US-24,3025,2026-W17,-1,HIGH,14,12,14,12,14,12,14,12,14,10
US_EQUITY_EXTENDED_HOURS,TSLA.US-24,3025,2026-W17,-1,LOW,3,19,3,19,3,19,3,18,3,18
US_EQUITY_EXTENDED_HOURS,TSLA.US-24,3025,2026-W17,1,HIGH,4,23,4,23,4,23,4,23,3,21
US_EQUITY_EXTENDED_HOURS,TSLA.US-24,3025,2026-W17,1,LOW,5,16,5,16,5,16,5,16,5,16
US_EQUITY_EXTENDED_HOURS,TSLA.US-24,3025,2026-W18,-1,HIGH,5,20,5,20,5,20,5,20,5,18
US_EQUITY_EXTENDED_HOURS,TSLA.US-24,3025,2026-W18,-1,LOW,5,18,5,18,5,18,5,18,5,18
US_EQUITY_EXTENDED_HOURS,TSLA.US-24,3025,2026-W18,1,HIGH,6,19,6,19,6,19,6,19,4,19
US_EQUITY_EXTENDED_HOURS,TSLA.US-24,3025,2026-W18,1,LOW,4,21,4,21,4,21,4,21,4,21
US_EQUITY_EXTENDED_HOURS,TSLA.US-24,3025,2026-W19,-1,HIGH,3,23,3,23,3,23,3,23,3,23
US_EQUITY_EXTENDED_HOURS,TSLA.US-24,3025,2026-W19,-1,LOW,3,19,3,19,3,19,3,19,3,17
US_EQUITY_EXTENDED_HOURS,TSLA.US-24,3025,2026-W19,1,HIGH,12,12,12,12,12,12,12,12,12,12
US_EQUITY_EXTENDED_HOURS,TSLA.US-24,3025,2026-W19,1,LOW,14,11,14,11,14,11,14,10,14,8
US_EQUITY_EXTENDED_HOURS,TSLA.US-24,3025,2026-W20,-1,HIGH,9,15,9,15,9,15,9,15,9,14
US_EQUITY_EXTENDED_HOURS,TSLA.US-24,3025,2026-W20,-1,LOW,4,20,4,20,4,20,4,20,4,20
US_EQUITY_EXTENDED_HOURS,TSLA.US-24,3025,2026-W20,1,HIGH,7,16,7,16,7,16,7,16,7,15
US_EQUITY_EXTENDED_HOURS,TSLA.US-24,3025,2026-W20,1,LOW,9,16,9,16,9,16,9,16,9,16
US_EQUITY_EXTENDED_HOURS,TSLA.US-24,3025,2026-W21,-1,HIGH,6,19,6,19,6,19,6,19,6,17
US_EQUITY_EXTENDED_HOURS,TSLA.US-24,3025,2026-W21,-1,LOW,7,22,7,22,7,22,7,22,7,21
US_EQUITY_EXTENDED_HOURS,TSLA.US-24,3025,2026-W21,1,HIGH,12,16,12,16,12,16,12,16,11,16
US_EQUITY_EXTENDED_HOURS,TSLA.US-24,3025,2026-W21,1,LOW,9,18,9,18,9,18,9,18,9,17
US_EQUITY_EXTENDED_HOURS,TSLA.US-24,3025,2026-W22,-1,HIGH,3,24,3,23,3,23,3,23,2,22
US_EQUITY_EXTENDED_HOURS,TSLA.US-24,3025,2026-W22,-1,LOW,2,16,2,16,2,16,2,16,2,16
US_EQUITY_EXTENDED_HOURS,TSLA.US-24,3025,2026-W22,1,HIGH,11,13,11,13,11,13,11,12,11,11
US_EQUITY_EXTENDED_HOURS,TSLA.US-24,3025,2026-W22,1,LOW,3,17,3,17,3,17,3,17,3,17
US_EQUITY_EXTENDED_HOURS,TSLA.US-24,3025,2026-W23,-1,HIGH,11,16,11,16,10,16,9,16,9,16
US_EQUITY_EXTENDED_HOURS,TSLA.US-24,3025,2026-W23,-1,LOW,7,14,7,14,7,14,7,14,7,14
US_EQUITY_EXTENDED_HOURS,TSLA.US-24,3025,2026-W23,1,HIGH,7,22,7,22,7,22,7,21,7,20
US_EQUITY_EXTENDED_HOURS,TSLA.US-24,3025,2026-W23,1,LOW,3,15,3,15,3,15,3,15,3,15
US_EQUITY_EXTENDED_HOURS,TSLA.US-24,3025,2026-W24,-1,HIGH,6,17,6,17,6,17,6,17,6,15
US_EQUITY_EXTENDED_HOURS,TSLA.US-24,3025,2026-W24,-1,LOW,5,16,5,16,5,16,5,16,5,16
US_EQUITY_EXTENDED_HOURS,TSLA.US-24,3025,2026-W24,1,HIGH,5,20,5,20,5,20,5,20,5,18
US_EQUITY_EXTENDED_HOURS,TSLA.US-24,3025,2026-W24,1,LOW,7,13,7,13,7,13,7,13,7,13
US_EQUITY_EXTENDED_HOURS,TSLA.US-24,3025,2026-W25,-1,HIGH,8,12,8,12,8,12,8,12,8,9
US_EQUITY_EXTENDED_HOURS,TSLA.US-24,3025,2026-W25,-1,LOW,13,12,13,12,13,12,13,12,13,12
US_EQUITY_EXTENDED_HOURS,TSLA.US-24,3025,2026-W25,1,HIGH,3,19,3,19,2,19,2,19,0,19
US_EQUITY_EXTENDED_HOURS,TSLA.US-24,3025,2026-W25,1,LOW,1,22,1,22,1,22,1,22,1,22
US_EQUITY_EXTENDED_HOURS,TSLA.US-24,3025,2026-W26,-1,HIGH,11,12,11,12,11,12,11,12,11,11
US_EQUITY_EXTENDED_HOURS,TSLA.US-24,3025,2026-W26,-1,LOW,6,21,6,21,6,21,6,21,6,21
US_EQUITY_EXTENDED_HOURS,TSLA.US-24,3025,2026-W26,1,HIGH,4,23,4,23,4,23,4,23,3,23
US_EQUITY_EXTENDED_HOURS,TSLA.US-24,3025,2026-W26,1,LOW,5,18,5,18,5,18,5,18,5,18
US_EQUITY_EXTENDED_HOURS,TSLA.US-24,3025,2026-W27,-1,HIGH,2,10,2,10,2,10,2,10,2,10
US_EQUITY_EXTENDED_HOURS,TSLA.US-24,3025,2026-W27,-1,LOW,4,16,4,16,4,16,4,16,4,15
US_EQUITY_EXTENDED_HOURS,TSLA.US-24,3025,2026-W27,1,HIGH,3,9,3,9,3,9,3,9,3,9
US_EQUITY_EXTENDED_HOURS,TSLA.US-24,3025,2026-W27,1,LOW,3,17,3,17,3,17,3,17,3,16
US_EQUITY_EXTENDED_HOURS,TSLA.US-24,3025,2026-W28,-1,HIGH,6,18,6,18,6,18,6,17,6,14
US_EQUITY_EXTENDED_HOURS,TSLA.US-24,3025,2026-W28,-1,LOW,2,23,2,23,2,23,2,23,2,23
US_EQUITY_EXTENDED_HOURS,TSLA.US-24,3025,2026-W28,1,HIGH,10,12,10,12,10,12,10,12,9,10
US_EQUITY_EXTENDED_HOURS,TSLA.US-24,3025,2026-W28,1,LOW,2,24,2,24,2,24,2,24,2,24
US_EQUITY_EXTENDED_HOURS,TSLA.US-24,3025,2026-W29,-1,HIGH,10,12,10,12,10,12,9,12,9,11
US_EQUITY_EXTENDED_HOURS,TSLA.US-24,3025,2026-W29,-1,LOW,5,21,5,21,5,21,5,21,5,21
US_EQUITY_EXTENDED_HOURS,TSLA.US-24,3025,2026-W29,1,HIGH,1,18,1,18,1,18,1,18,1,17
US_EQUITY_EXTENDED_HOURS,TSLA.US-24,3025,2026-W29,1,LOW,4,25,4,25,4,25,4,25,4,25
US_EQUITY_EXTENDED_HOURS,TSLA.US-24,3025,2026-W30,-1,HIGH,16,8,16,8,16,8,16,8,14,8
US_EQUITY_EXTENDED_HOURS,TSLA.US-24,3025,2026-W30,-1,LOW,9,15,9,15,9,15,9,15,8,15
US_EQUITY_EXTENDED_HOURS,TSLA.US-24,3025,2026-W30,1,HIGH,1,25,1,25,1,25,1,25,1,23
US_EQUITY_EXTENDED_HOURS,TSLA.US-24,3025,2026-W30,1,LOW,5,18,5,18,5,18,5,18,5,17
US_EQUITY_EXTENDED_HOURS,TSLA.US-24,3025,2026-W31,-1,HIGH,6,18,6,18,6,18,6,18,6,18
US_EQUITY_EXTENDED_HOURS,TSLA.US-24,3025,2026-W31,-1,LOW,6,15,6,15,6,15,6,14,6,13
US_EQUITY_EXTENDED_HOURS,TSLA.US-24,3025,2026-W31,1,HIGH,10,15,10,15,10,15,10,15,10,15
US_EQUITY_EXTENDED_HOURS,TSLA.US-24,3025,2026-W31,1,LOW,5,14,5,14,5,14,5,14,5,13
US_EQUITY_EXTENDED_HOURS,TSLA.US-24,3025,2026-W32,-1,HIGH,6,11,6,11,6,11,6,10,6,9
US_EQUITY_EXTENDED_HOURS,TSLA.US-24,3025,2026-W32,-1,LOW,3,24,3,24,3,24,3,24,3,24
US_EQUITY_EXTENDED_HOURS,TSLA.US-24,3025,2026-W32,1,HIGH,5,12,5,11,5,11,5,11,4,10
US_EQUITY_EXTENDED_HOURS,TSLA.US-24,3025,2026-W32,1,LOW,7,22,7,22,7,22,7,22,7,22
US_EQUITY_EXTENDED_HOURS,TSLA.US-24,3025,2026-W33,-1,HIGH,4,20,4,20,4,20,4,20,1,20
US_EQUITY_EXTENDED_HOURS,TSLA.US-24,3025,2026-W33,-1,LOW,4,23,4,23,4,23,4,23,4,23
US_EQUITY_EXTENDED_HOURS,TSLA.US-24,3025,2026-W33,1,HIGH,12,14,12,14,12,14,11,14,11,12
US_EQUITY_EXTENDED_HOURS,TSLA.US-24,3025,2026-W33,1,LOW,6,19,6,19,6,19,6,19,6,19
US_EQUITY_EXTENDED_HOURS,TSLA.US-24,3025,2026-W34,-1,HIGH,5,23,5,23,5,23,5,22,5,20
US_EQUITY_EXTENDED_HOURS,TSLA.US-24,3025,2026-W34,-1,LOW,5,22,5,22,5,22,5,22,5,22
US_EQUITY_EXTENDED_HOURS,TSLA.US-24,3025,2026-W34,1,HIGH,11,18,11,18,11,18,11,18,8,18
US_EQUITY_EXTENDED_HOURS,TSLA.US-24,3025,2026-W34,1,LOW,6,18,6,18,6,18,6,18,6,18
US_EQUITY_EXTENDED_HOURS,TSLA.US-24,3025,2026-W35,-1,HIGH,9,13,9,13,9,13,9,13,7,13
US_EQUITY_EXTENDED_HOURS,TSLA.US-24,3025,2026-W35,-1,LOW,0,26,0,26,0,26,0,26,0,26
US_EQUITY_EXTENDED_HOURS,TSLA.US-24,3025,2026-W35,1,HIGH,5,17,5,17,5,17,5,17,5,14
US_EQUITY_EXTENDED_HOURS,TSLA.US-24,3025,2026-W35,1,LOW,9,16,9,16,9,16,9,16,9,16
US_EQUITY_EXTENDED_HOURS,TSLA.US-24,3025,2026-W36,-1,HIGH,12,15,12,15,12,15,12,15,10,15
US_EQUITY_EXTENDED_HOURS,TSLA.US-24,3025,2026-W36,-1,LOW,2,17,2,17,2,17,2,16,2,16
US_EQUITY_EXTENDED_HOURS,TSLA.US-24,3025,2026-W36,1,HIGH,5,24,5,24,5,24,5,24,5,21
US_EQUITY_EXTENDED_HOURS,TSLA.US-24,3025,2026-W36,1,LOW,8,9,8,9,8,9,8,9,8,9
US_EQUITY_EXTENDED_HOURS,TSLA.US-24,3025,2026-W37,-1,HIGH,4,12,4,12,4,12,4,12,4,11
US_EQUITY_EXTENDED_HOURS,TSLA.US-24,3025,2026-W37,-1,LOW,5,25,5,24,5,24,5,23,5,22
US_EQUITY_EXTENDED_HOURS,TSLA.US-24,3025,2026-W37,1,HIGH,4,12,4,12,4,12,4,12,4,11
US_EQUITY_EXTENDED_HOURS,TSLA.US-24,3025,2026-W37,1,LOW,5,23,5,23,5,22,5,22,3,22
US_EQUITY_EXTENDED_HOURS,TSLA.US-24,3025,2026-W38,-1,HIGH,1,7,1,7,1,7,1,6,1,6
US_EQUITY_EXTENDED_HOURS,TSLA.US-24,3025,2026-W38,-1,LOW,6,13,6,13,6,13,6,13,6,13
US_EQUITY_EXTENDED_HOURS,TSLA.US-24,3025,2026-W38,1,HIGH,4,3,4,3,3,3,3,3,3,2
US_EQUITY_EXTENDED_HOURS,TSLA.US-24,3025,2026-W38,1,LOW,4,16,4,16,4,16,4,16,4,16
